layer,n_cells,n_na,min_val,mean_val,max_val
ground_elevation,1600,0,773.260009765625,796.700081176758,812.200012207031
canopy_height,1600,0,0.253482043743134,39.7253469528444,809.549987792969
elev_mean,400,0,0,76.3682315343618,808.955200195313
canopy_cover,400,0,0,2.73053877800703,44.4444427490234
point_density,400,0,0.800000011920929,0.934800000786781,1.0900000333786
elev_aad,400,0,0,1.68744112050161,207.043365478516
r1count,400,0,80,93.29,109
stratum_02_mean,400,0,0,0.367143423557281,4.56615400314331
density_stratum_02,400,0,0,0.00199999995995313,0.0599999986588955
surface_area_ratio,400,325,1,7.80127186457316,41.3727989196777
roughness,400,325,0,86.5683172778482,387.810150146484
