PLOT_ID,BA_4,BA_6,BA_T100,BA_4_HWD,BA_HWD,BA,BFVOL_GROSS,BIOMASS_ALL,BIOMASS_LIVE,CARBON_ALL,CARBON_LIVE,CFVOL_TOTAL,HTMAX,HT_T100,HT_T40,HT_LOREY,QMD_6,QMD_T100,QMD,RD_SUM_4,RD_SUM_HWD,RD_SUM,SDI_SUM_4,SDI_SUM,SNAG_ACRE_15,SNAG_ACRE_20,SNAG_ACRE_21,SNAG_ACRE_30,TREE_ACRE_11,TREE_ACRE_20,TREE_ACRE_21,TREE_ACRE_30,TREE_ACRE_4,TREE_ACRE_31,TREE_ACRE_6,TREE_ACRE_8,TREE_ACRE_T100,TREE_ACRE_4_CONIFER,TREE_ACRE,BAP_4_CONIFER,RD,RD_6,CFVOL_DDWM,CANOPY_LAYERS,CLOSURE,COVER,SPECIES1,SPECIES2
0f7511de-b69e-41d5-942d-76f5b5f9145f,100.3,100.3,100.3,0,0,100.3,14729.4,128150.9,128150.9,64075.4,64075.4,3320.2,108,75.2,98.3,92.3,14.3,13.6,7.3,25.8,0,25.8,155.7,155.7,0,0,0,0,70.1,10,10,0,90.2,0,90.2,80.2,343.4,90.2,343.4,100,37.1,26.5,134.35,1,96.6216216216216,36.6666666666667,DF,PP
c093ea2e-9f24-477b-980d-fd34a32a9061,523,523,512.4,2.1,2.1,528.8,161221.8,898678.3,893780.2,449339.2,446890.1,29281.1,208,75.8,96.4,189.2,25.3,30.7,4.4,67.8,0.8,71.2,461.8,479,0,0,0,0,50.1,10,10,10,150.3,10,150.3,90.2,5081.5,140.3,5081.5,99.6,252.1,104,7665.41388888889,3,90.5405405405405,83.3333333333333,SS,WH
9d85178f-fc7d-4aa3-80a5-312d1da8310b,45.6,25.7,33.6,0,0,54.8,2404.8,56215.6,27644,28107.8,13822,1065,72,48,59.8,46.2,9.7,7.8,4.9,17.1,0,22.4,95.3,122.8,20,0,0,0,10,0,0,0,210.4,0,50.1,30.1,410.7,210.4,410.7,100,24.8,8.3,690.409722222222,1,95.9459459459459,70,GF,VM
bf620c5c-e8c3-41c3-911d-ff9894a4bf6c,68,53.9,33.3,0,0,68,1503,41757.3,41757.3,20878.7,20878.7,1216.4,54.3,46.7,50.4,42.6,7.2,7.8,4,26.1,0,26.1,145.5,145.5,0,0,0,0,0,0,0,0,280.5,0,190.4,70.1,787,280.5,787,100,34,20.1,238.844444444444,1,100,96.6666666666667,DF,WH
065e0179-36c4-4293-9b9f-92fd14101a0d,41,35.3,42.5,0,0,43,4909.8,172051,37317.4,86025.5,18658.7,1216.9,85,25.6,47.6,71.1,18,8.8,8.5,11,0,12.1,65.4,71.3,10,10,10,10,20,0,0,0,70.1,0,20,20,110.2,70.1,110.2,100,14.7,8.3,3220.66805555556,2,66.8918918918919,20,GF,DF
66e35585-d7e4-41b1-a6a0-1f616c1733f2,116.5,116.5,116.5,0,0,116.5,19539,175745.1,152207.1,87872.5,76103.6,3803.4,113,71.7,94.3,98.8,17.4,17.4,17.4,25.2,0,25.2,157.1,157.1,10,10,10,0,40.1,20,20,0,70.1,0,70.1,50.1,70.1,70.1,70.1,100,27.9,27.9,3015.41111111111,1,65.5405405405405,51.6666666666667,DF,LP
69c11255-dbd2-45d5-bf4d-546ad9b3fb32,70.9,50.1,31.8,0,0,93.2,1903.8,50801.5,50801.5,25400.7,25400.7,1457.9,66,46,49.8,35.6,6.9,7.6,2.6,28.1,0,43.3,155.7,230.8,0,0,0,0,10,0,0,0,350.7,0,190.4,20,2483.9,350.7,2483.9,100,57.8,19.1,0,1,96.6,71.7,LP,DF
25cff2ce-99f5-4a89-866d-67da3f662d0d,65.6,61.2,61.1,21.7,21.7,65.6,4609.2,78013,64589.3,39006.5,32294.6,1622.4,79.3,59.1,69.4,63.1,10.6,10.6,9.3,20.3,7.6,20.3,117.7,117.7,0,0,0,0,30.1,0,0,0,140.3,0,100.2,90.2,140.3,80.2,140.3,66.9,21.5,18.8,2884.79305555556,1,97.972972972973,90,DF,RA
4f3603c0-ecfa-4b85-85c0-da5b0ac8e9a9,157.1,157.1,157.1,56.7,56.7,157.1,19338.6,215747.5,184535.1,107873.7,92267.5,5717.7,128,92.3,101.8,101.4,17.9,17.9,17.9,35.9,14.1,35.9,221.7,221.7,10,10,10,0,80.2,20,20,0,90.2,0,90.2,90.2,90.2,50.1,90.2,63.9,37.1,37.1,6855.58194444444,1,96.6216216216216,86.6666666666667,RC,RA
2908eeaa-5110-41c8-91a9-0e39637d7965,99.7,99.7,99.7,0,0,99.7,10220.4,101509.6,101509.6,50754.8,50754.8,2498.3,79,73.8,74.5,74.1,17.4,17.4,17.4,23.8,0,23.8,146.1,146.1,0,0,0,0,60.1,0,0,0,60.1,0,60.1,60.1,60.1,60.1,60.1,100,23.9,23.9,0,1,77.7027027027027,48.3333333333333,DF,PP
d7eae4c0-5e68-4e85-99e7-f283f60b346a,68.6,45.7,29.2,0,1.4,72.7,200.4,38693.8,38150.1,19346.9,19075.1,1093.1,46,41.8,41.7,36,6.8,7.3,4.2,28.1,1.4,31.4,154.4,170.4,0,0,0,0,0,0,0,0,380.7,0,180.4,10,754.1,380.7,754.1,100,35.5,17.5,0,1,100,96.6666666666667,DF,MA
e63f3dcd-6077-44de-8042-e1688002f256,36.3,22.4,25,3.9,3.9,42.9,1002,17312.8,17312.8,8656.4,8656.4,571.4,43,32.4,39,30.3,7.6,6.8,2.6,14.9,1.6,19,81.8,102.7,0,0,0,0,0,0,0,0,230.4,0,70.1,20,1190.4,210.4,1190.4,89.3,26.6,8.1,361.998611111111,1,71.6216216216216,55,AF,ES
f654600a-8687-4aea-ab84-2b46a9eda754,18.4,15.1,19.1,0,0,34.2,0,11637.3,11637.3,5818.7,5818.7,391,32,27.8,29.2,21,6.3,5.9,1.1,7.4,0,19.3,41,98.7,0,0,0,0,0,0,0,0,90.2,0,70.1,0,4768.2,90.2,4768.2,100,32.6,6,3078.85416666667,1,78.3783783783784,15,DF,WH
eabee4ae-71d5-4d44-ae81-95c029fe51fe,57.9,57.9,46.9,0,0,58.8,7715.4,74646.9,60266.2,37323.5,30133.1,1784.9,92,71.6,84,71.4,8.7,9.3,1.7,19.3,0,19.9,110.5,113.6,0,0,0,0,10,0,0,0,140.3,0,140.3,100.2,3725.3,140.3,3725.3,100,45.1,19.6,3519.22361111111,1,34.4594594594595,61.6666666666667,LP,DF
e202f6d2-9a72-48bc-b3fe-dc6a2e024a52,186.4,157.5,124.1,0,0,190.9,20941.8,191017,188875.4,95508.5,94437.7,5466.2,112,83.1,92.4,74.8,11.7,15.1,6.5,56.2,0,59.7,326.8,343.7,0,0,0,0,80.2,10,10,0,460.9,0,210.4,140.3,834.3,460.9,834.3,100,74.9,46,6486.11944444444,1,94.5945945945946,96.6666666666667,DF,GF
