PLOT_ID,TREE_ID,TREE_N,CFVOL_MERCH_GROSS,CFVOL_TOTAL,DS3,DC3,DS2,DC2,DS1,DC1,TS,TREE_ACRE,CNT,XFAC,CR_M,CR_E,CR,HLC_M,HLC_E,HLC,HT_M,HT_E,HT,DBH_M,DBH_E,DBH,SPECIES,PLOT_TYPE,BFVOL_NET,CFVOL_MERCH_NET,BFVOL_GROSS,NOTE,LAST_MODIFIED,CFVOL_GROSS_FIA,BIOMASS_ABOVEGROUND_LBS_FIA,CARBON_ABOVEGROUND_LBS_FIA,AZ_TREE_TO_PLOT,DISTANCE_TREE_FACE,MONUMENT
065e0179-36c4-4293-9b9f-92fd14101a0d,16bc8b19-c0be-4d64-bd9b-d2fed1d7cca0,1,0,1.67243266524095,,0,,0,,0,1,10.02,1,10.02,33,45,33,8,,,12,34,12,5.5,,5.5,GF,3,0,0,0,,2016-08-25T17:28:24Z,0.567967705765028,20.6581070975984,10.3290535487992,,,0
065e0179-36c4-4293-9b9f-92fd14101a0d,21ef36aa-7ec7-4973-8b16-08b2228b40d3,2,0,0.400902045968127,,0,,0,,0,1,40.07,1,40.07,50,50,50,6,,,12,16,12,3,,3,DF,2,0,0,0,,2016-08-25T17:28:40Z,,17.8010553193003,8.90052765965017,,,0
065e0179-36c4-4293-9b9f-92fd14101a0d,05e10ab5-0357-4359-aabb-9c4a9755d9b7,3,0,1.07527712627585,,0,,0,,0,1,40.07,1,40.07,30,35,30,7,,,10,25,10,4.3,,4.3,GF,2,0,0,0,,2016-08-25T17:28:54Z,,39.528482790319,19.7642413951595,,,0
065e0179-36c4-4293-9b9f-92fd14101a0d,0bb6c474-c286-4653-a9bf-e2cdb4e435da,4,56.6706928194394,63.0245937088252,,0,,0,,0,1,10.02,1,10.02,71,65,71,25,,,85,94,85,19,,19,GF,3,252,56.6706928194394,280,,2016-08-25T17:27:25Z,63.9270675971589,2132.27141441749,1066.13570720875,231,21,1
065e0179-36c4-4293-9b9f-92fd14101a0d,15aa5fc3-bc22-425c-8325-29b51b2f38c8,5,45.9696211020071,50.8439483724647,,0,,0,2,49,1,10.02,1,10.02,59,60,59,34,,,83,88,83,16.9,,16.9,GF,3,189,45.9696211020071,210,,2016-08-25T17:37:17Z,50.0763266527307,1342.10238882423,671.051194412114,,,0
065e0179-36c4-4293-9b9f-92fd14101a0d,4b7fbcb9-83f5-4993-8210-9cd0445319e2,6,26.9451746609076,29.8047255137947,,0,,0,2,99,0,10.02,1,10.02,,0,0,,,,76,75,76,13.1,,13.1,GF,3,108,26.9451746609076,120,,2016-08-25T17:26:24Z,28.2306846621966,956.719899689785,478.359949844893,,,0
065e0179-36c4-4293-9b9f-92fd14101a0d,b948de7d-36a8-418b-9ee2-5cb1c8dd7c95,7,243.67050468163,266.988370284006,,0,,0,2,99,0,10.02,1,10.02,,0,0,,,,90,131,90,48,,48,GF,3,1224,243.67050468163,1360,,2016-08-25T17:25:57Z,382.527726030813,12489.7448344568,6244.87241722839,144,26.7,1
0f7511de-b69e-41d5-942d-76f5b5f9145f,70ad80af-f121-4d32-96f0-13739b8af37d,1,6.66247699756883,8.85998519539563,,0,,0,,0,1,10.02,1,10.02,56,56,56,27,,,62,42,62,8.5,,8.5,PP,3,27,6.66247699756883,30,,2022-09-15T19:28:47Z,7.9178347079044,309.625072260159,154.812536130079,,,0
0f7511de-b69e-41d5-942d-76f5b5f9145f,16afee38-bc07-44d5-aca9-0ab2d9e96a63,2,27.9403513504778,30.7993606301089,,0,,0,2,80,1,10.02,1,10.02,78,78,78,18,,,83,72,83,13.6,,13.6,DF,3,126,27.9403513504778,140,,2022-09-15T19:29:58Z,28.9577653543929,1231.69758736754,615.848793683769,,,0
0f7511de-b69e-41d5-942d-76f5b5f9145f,8315f827-0047-4232-896b-4408b6b83ad4,3,25.3218089055507,28.5671569702955,,0,,0,,0,1,10.02,1,10.02,42,42,42,52,,,90,60,90,12.7,,12.7,PP,3,99,25.3218089055507,110,,2022-09-15T19:30:48Z,27.6126675588688,1051.98242263776,525.991211318878,,,0
0f7511de-b69e-41d5-942d-76f5b5f9145f,cf1610eb-62a1-42bd-bfb1-ce69fce7d5eb,4,58.9753668114292,64.4438180174717,,0,,0,1,80,1,10.02,1,10.02,62,62,62,38,,,101,77,101,18,,18,PP,3,252,58.9753668114292,280,,2022-09-15T19:47:06Z,62.5905823597458,2347.76733050134,1173.88366525067,355,28.6,1
0f7511de-b69e-41d5-942d-76f5b5f9145f,1f126cde-a5d2-429e-b306-55aba024531c,5,80.0409113014743,86.5789650137733,,0,,0,,0,1,10.02,1,10.02,77,77,77,25,,,108,90,108,20.6,,20.6,DF,3,378,80.0409113014743,420,,2022-09-15T19:32:29Z,82.608317100097,3455.2818800602,1727.6409400301,,,0
0f7511de-b69e-41d5-942d-76f5b5f9145f,349fd9ad-994f-4fc8-8f5e-624f67fd7887,6,47.3309595801204,51.6365676908844,,0,,0,,0,1,10.02,1,10.02,50,50,50,51,,,101,80,101,16.1,,16.1,DF,3,207,47.3309595801204,230,,2022-09-15T19:47:40Z,48.9536118644826,2066.32046770352,1033.16023385176,,,0
0f7511de-b69e-41d5-942d-76f5b5f9145f,6cc2dd10-a33f-4fd2-ae1b-7dd515ed05c6,7,26.0955469453599,28.808401736257,,0,,0,,0,1,10.02,1,10.02,72,72,72,23,,,83,71,83,13.1,,13.1,DF,3,108,26.0955469453599,120,,2022-09-15T19:48:14Z,26.9980939966619,1150.50798451122,575.253992255608,112,26.7,1
0f7511de-b69e-41d5-942d-76f5b5f9145f,d4aeb420-0c09-4120-8aa3-c5b18d84625a,8,22.2698267518534,26.001801371917,,0,,0,7,98,1,10.02,1,10.02,70,70,70,22,,,73,63,73,13.6,,13.6,PP,3,99,22.2698267518534,110,,2022-09-15T19:35:05Z,25.6006058235627,971.924580042841,485.962290021421,,,0
0f7511de-b69e-41d5-942d-76f5b5f9145f,83bccd5c-1f53-4295-ae5d-541ba118cb21,9,4.44860029818536,5.66569341496645,,0,,0,,0,1,10.02,1,10.02,65,65,65,17,,,49,45,49,7.3,,7.3,DF,3,27,4.44860029818536,30,,2022-09-15T19:35:51Z,4.60542249533691,204.402046699213,102.201023349607,,,0
0f7511de-b69e-41d5-942d-76f5b5f9145f,1e52bc49-94af-4119-8abf-06441503e39f,10,0,0,,0,,0,,0,1,253.21,1,253.21,50,50,50,3,,,6,4.5,1,0,,0,WA,1,0,0,0,unknown,2022-09-15T19:38:26Z,,,,,,0
25cff2ce-99f5-4a89-866d-67da3f662d0d,e656a79c-1db3-4012-a3a8-41c6e9ca98c9,1,5.96643218717835,8.50567715740485,,0,,0,1,98,1,10.02,1,10.02,88,88,88,5.1,,,41.9,64,41.9,9.4,,9.4,WH,3,18,5.96643218717835,20,,2022-03-02T19:21:52Z,7.98363847340953,329.248302881401,164.624151440701,,,0
25cff2ce-99f5-4a89-866d-67da3f662d0d,2c8b84a9-c550-4ea0-b764-73edeab1ad7d,2,8.41652101861552,10.9605838473627,,0,,0,,0,1,10.02,1,10.02,55,55,55,28.3,,,62.6,64,62.6,8.5,,8.5,RA,3,27,8.41652101861552,30,,2022-03-02T19:22:18Z,9.78310754755074,383.413164528055,191.706582264028,,,0
25cff2ce-99f5-4a89-866d-67da3f662d0d,63e76ef5-831b-4585-8307-179a4bd80a78,3,7.82990355857658,10.234956919557,,0,,0,,0,1,10.02,1,10.02,47,47,47,33.3,,,62.8,62,62.8,8.2,,8.2,RA,3,27,7.82990355857658,30,,2022-03-02T19:23:00Z,9.0476106265356,357.458286534733,178.729143267367,,,0
25cff2ce-99f5-4a89-866d-67da3f662d0d,4cf65e27-4de5-4f1d-8ac1-0f37d7fcfc4a,4,9.13149384144348,11.7815782466577,,0,,0,2,99,0,10.02,1,10.02,,0,0,,,,45.3,72,45.3,11.2,,11.2,DF,3,27,9.13149384144348,30,,2022-03-02T19:23:30Z,11.2704961348474,484.474906392996,242.237453196498,,,0
25cff2ce-99f5-4a89-866d-67da3f662d0d,17640395-3237-4016-88ad-c5b41addb6f5,5,35.4783079715009,41.5603491053641,,0,,0,1,96,1,10.02,1,10.02,51,51,51,38.6,,,79.3,98,79.3,16.3,,16.3,DF,3,126,35.4783079715009,140,,2022-03-05T00:03:06Z,41.5701351122257,1753.76881378422,876.884406892109,235,28,1
25cff2ce-99f5-4a89-866d-67da3f662d0d,8314ee8a-1298-49d0-a235-02d5cab29ebb,6,21.1427884855488,25.0852023393218,,0,1,80,1,97,1,10.02,1,10.02,54,54,54,31.3,,,68.2,85,68.2,13.5,,13.5,DF,3,63,21.1427884855488,70,,2022-03-02T19:51:18Z,25.2061260267711,1072.51606118142,536.25803059071,271,19,1
25cff2ce-99f5-4a89-866d-67da3f662d0d,2b60e8ac-c11d-44c9-baf1-4d48ed6bb297,7,8.74796248045518,11.1548584478361,,0,,0,1,99,0,10.02,1,10.02,,0,0,,,,54,64,54,9.9,,9.9,DF,3,27,8.74796248045518,30,,2022-03-02T19:42:13Z,10.8373734725949,469.533449707723,234.766724853862,,,0
25cff2ce-99f5-4a89-866d-67da3f662d0d,b1279b6f-91a2-4b34-89f0-7d721dda169b,9,7.33770940010647,9.89499059118516,,0,,0,2,99,0,10.02,1,10.02,,0,0,,,,38.3,71,38.3,11,,11,DF,3,18,7.33770940010647,20,,2022-03-02T19:40:11Z,8.96254911107899,385.684845392176,192.842422696088,,,0
25cff2ce-99f5-4a89-866d-67da3f662d0d,d9f8a0bf-0f8f-4045-8838-a5b5ed242cf5,10,22.3777669650406,26.410123190436,,0,,0,,0,1,10.02,1,10.02,45,45,45,38.6,,,70.5,85,70.5,13.6,,13.6,DF,3,72,22.3777669650406,80,,2022-03-02T19:40:57Z,26.489533357508,1126.71312608675,563.356563043374,,,0
25cff2ce-99f5-4a89-866d-67da3f662d0d,7e06fb39-ecc7-49d4-a6cf-52d37448e4c2,11,0,1.69575013317043,,0,,0,0,96,1,40.07,1,40.07,57,57,57,15.4,,,35.9,25,35.9,4.5,,4.5,DF,2,0,0,0,,2022-03-02T19:43:36Z,,47.9429486786262,23.9714743393131,,,0
25cff2ce-99f5-4a89-866d-67da3f662d0d,21456a3e-7282-448d-858d-71825fd2a044,12,5.4829521512296,7.50794495161603,,0,,0,,0,1,10.02,1,10.02,,65,65,,,,,60,51,7.8,,7.8,RA,3,27,5.4829521512296,30,,2022-03-02T19:54:01Z,6.43974131652812,257.420211220163,128.710105610081,,,0
25cff2ce-99f5-4a89-866d-67da3f662d0d,7c651b57-be7e-489c-a0e3-fbe836a8c118,13,10.9866621009972,13.8345916391027,,0,,0,,0,1,10.02,1,10.02,,60,60,,,,,70,59.5,9.8,,9.8,RA,3,27,10.9866621009972,30,,2022-03-02T19:55:12Z,12.6281023327153,480.631091237761,240.31554561888,,,0
25cff2ce-99f5-4a89-866d-67da3f662d0d,b6678b98-f359-4e25-af02-0f3b61ef9a0c,14,0,3.15294344418862,,0,,0,2,98,1,10.02,1,10.02,,50,50,,,,,46,43,5.7,,5.7,CH,3,0,0,0,,2022-03-02T19:56:34Z,2.34303545201785,123.490129674939,61.7450648374695,,,0
25cff2ce-99f5-4a89-866d-67da3f662d0d,71759c86-5a3b-4e30-8bf9-0075cd40d1e5,15,5.88561366100252,7.88699505895874,,0,,0,,0,1,10.02,1,10.02,,70,70,,,,,61,51.8,8.3,,8.3,CH,3,27,5.88561366100252,30,,2022-03-02T19:57:13Z,7.77008687748079,369.650634400732,184.825317200366,,,0
2908eeaa-5110-41c8-91a9-0e39637d7965,fdaccad7-fb2a-452d-9bd4-644af0e60ed4,1,33.7034786406158,37.1885280834599,,0,,0,,0,1,10.02,1,10.02,63,63,63,29,,,78,79,78,15.8,,15.8,DF,3,135,33.7034786406158,150,,2022-11-08T17:23:48Z,35.7370734609926,1509.64732922351,754.823664611757,182,9.8,1
2908eeaa-5110-41c8-91a9-0e39637d7965,1cfc1799-cd86-4539-9d7f-a64195cd5662,2,43.5844490371487,47.993434709593,,0,,0,,0,1,10.02,1,10.02,71,71,71,23,,,79,85,79,18.2,,18.2,DF,3,189,43.5844490371487,210,,2022-11-08T17:24:16Z,46.9574196469503,1972.55505384551,986.277526922756,,,0
2908eeaa-5110-41c8-91a9-0e39637d7965,3fc53786-cffd-4ffa-9389-9abff64c6c3e,3,29.9260199478352,34.2285920566902,,0,,0,,0,1,10.02,1,10.02,75,75,75,18,,,71,80,71,16.1,,16.1,DF,3,117,29.9260199478352,130,,2022-11-08T17:24:55Z,33.4104385515435,1410.24677004668,705.123385023338,258,9.8,1
2908eeaa-5110-41c8-91a9-0e39637d7965,4c722837-cc54-4d5e-926d-35acc2a90399,4,46.3935927454978,51.2071884354973,,0,,0,,0,1,10.02,1,10.02,71,71,71,22,,,77,88,77,19.3,,19.3,DF,3,198,46.3935927454978,220,,2022-11-08T17:25:22Z,50.8351573466485,2130.96655743569,1065.48327871784,,,0
2908eeaa-5110-41c8-91a9-0e39637d7965,74b4c90a-588b-44d4-97f2-b237d76fd60a,5,28.1819831498406,31.856168198813,,0,,0,,0,1,10.02,1,10.02,75,75,75,17,,,67,80,67,16.1,,16.1,DF,3,99,28.1819831498406,110,,2022-11-08T17:25:57Z,31.3751733290045,1324.3387026669,662.169351333449,,,0
2908eeaa-5110-41c8-91a9-0e39637d7965,4a93063c-1ae2-490a-951c-5d2d6596eba9,6,42.1859648503001,46.8606604419485,,0,,0,,0,1,10.02,1,10.02,70,70,70,21,,,71,79,71,18.8,,18.8,PP,3,180,42.1859648503001,200,,2022-11-08T17:26:24Z,47.6079353623608,1782.93948539103,891.469742695515,,,0
4f3603c0-ecfa-4b85-85c0-da5b0ac8e9a9,5cfb472d-67bb-46c5-99d2-fee431308cc2,1,35.7094711973838,40.6300537649587,,0,,0,4,96,1,10.02,1,10.02,46,45,46,47,,,87,88,87,14.2,,14.2,WH,3,135,35.7094711973838,150,,2015-12-15T20:34:06Z,39.8104580513856,1602.68040827187,801.340204135936,,,0
4f3603c0-ecfa-4b85-85c0-da5b0ac8e9a9,01904d0a-c225-465a-a308-92ac6393b169,2,65.2641909174458,72.0592692568875,,0,,0,,0,1,10.02,1,10.02,30,20,30,90,,,128,88,128,15.4,,15.4,RA,2,252,65.2641909174458,280,,2015-12-15T20:22:52Z,71.3990295360452,2533.95797212862,1266.97898606431,,,0
4f3603c0-ecfa-4b85-85c0-da5b0ac8e9a9,0da9c4c1-5112-4543-9b5f-998952362c8c,3,123.52311345856,153.175197562346,,0,,0,,0,1,10.02,1,10.02,83,75,83,20,,,118,104,118,28.6,,28.6,RC,3,477,123.52311345856,530,,2015-12-15T20:23:48Z,162.149555758355,4461.00552739521,2230.50276369761,212,23.7,1
4f3603c0-ecfa-4b85-85c0-da5b0ac8e9a9,a7437678-b58d-4ded-b56f-2361df1345aa,4,65.0873691983355,76.7340470014971,,0,,0,2,99,0,10.02,1,10.02,,0,0,,,,85,112,85,21,,21,WH,3,198,65.0873691983355,220,,2015-12-15T20:24:28Z,78.569458928072,3115.01235482185,1557.50617741092,,,0
4f3603c0-ecfa-4b85-85c0-da5b0ac8e9a9,02acc54f-cf0c-4669-9b82-bd2216f5d321,5,79.3594598835477,96.6771710611107,,0,,0,,0,1,10.02,1,10.02,78,70,78,24,,,108,93,108,23,,23,RC,3,288,79.3594598835477,320,,2015-12-15T20:26:10Z,102.412647091508,2833.68481614888,1416.84240807444,,,0
4f3603c0-ecfa-4b85-85c0-da5b0ac8e9a9,70254f81-db18-437d-81b3-56fe027c666e,6,8.14036573081476,10.343645876998,,0,,0,,0,1,10.02,1,10.02,83,80,83,9,,,54,62,54,9.1,,9.1,WH,2,27,8.14036573081476,30,,2015-12-15T20:34:22Z,9.81479201552248,405.718596920425,202.859298460213,284,17.5,1
4f3603c0-ecfa-4b85-85c0-da5b0ac8e9a9,9b371312-6735-468b-b0ab-5970c70ec073,7,47.5963639821789,54.6814575970723,,0,,0,,0,1,10.02,1,10.02,28,35,28,58,,,80,92,80,17,,17,RA,3,144,47.5963639821789,160,,2015-12-15T20:30:08Z,52.2366460896959,1832.58171822544,916.290859112719,,,0
4f3603c0-ecfa-4b85-85c0-da5b0ac8e9a9,4c4a8589-c149-4ba2-9e3a-6be21f23feda,8,53.2881103604474,61.1160750870817,,0,,0,,0,1,10.02,1,10.02,45,45,45,56,,,101,90,101,16,,16,RA,3,198,53.2881103604474,220,,2015-12-15T20:30:03Z,59.6399249815738,2106.90522534551,1053.45261267275,,,0
4f3603c0-ecfa-4b85-85c0-da5b0ac8e9a9,d2d78840-dd57-464a-a6d0-a9538725e8a6,9,49.3960115831361,55.7233571120864,,0,,0,,0,1,10.02,1,10.02,30,30,30,64,,,92,90,92,16,,16,RA,3,162,49.3960115831361,180,,2015-12-15T20:30:38Z,53.9514457193534,1905.94778474603,952.973892373017,,,0
4f3603c0-ecfa-4b85-85c0-da5b0ac8e9a9,1e56317f-efee-4797-add1-452b14750ef8,10,18.9672653247362,26.2250444079493,,0,,0,,0,1,10.02,1,10.02,76,75,76,15,,,63,71,63,14.3,,14.3,RC,3,54,18.9672653247362,60,,2015-12-15T20:31:26Z,26.067755849526,734.190064484557,367.095032242279,,,0
66e35585-d7e4-41b1-a6a0-1f616c1733f2,ae4bb9e8-75a5-416d-8f87-c7f0f4a66292,1,137.751271501961,148.744671306191,,0,,0,,0,1,10.02,1,10.02,74,65,74,29,,,113,102,113,27.2,,27.2,DF,3,720,137.751271501961,800,,2018-11-21T15:17:37Z,143.81131571004,5967.88231682364,2983.94115841182,,,0
66e35585-d7e4-41b1-a6a0-1f616c1733f2,50d8e594-dc01-4f70-8743-3fc38e443b7e,2,12.3980226017776,14.1215505976693,,0,,0,1,96,1,10.02,1,10.02,22,20,22,46,,,59,66,59,9.8,,9.8,LP,3,54,12.3980226017776,60,,2018-11-21T15:19:05Z,12.6741341983947,432.20281486104,216.10140743052,,,0
66e35585-d7e4-41b1-a6a0-1f616c1733f2,268fbec6-fde8-4151-859e-7955781bd97f,3,16.0331615968879,18.3141292285163,,0,,0,,0,1,10.02,1,10.02,77,45,77,16,,,70,64,70,11.3,,11.3,DF,3,63,16.0331615968879,70,,2018-11-21T15:20:13Z,16.9532265443606,728.367407618327,364.183703809164,,,0
66e35585-d7e4-41b1-a6a0-1f616c1733f2,4bf2cb4e-dfb0-4cc8-965b-3755f6a5a82a,4,139.777228237729,151.544037497084,,0,,0,,0,1,10.02,1,10.02,67,65,67,35,,,105,104,105,29.1,,29.1,DF,3,738,139.777228237729,820,,2018-11-21T15:42:04Z,150.134373715525,6220.24868761646,3110.12434380823,,,0
66e35585-d7e4-41b1-a6a0-1f616c1733f2,5b62e378-b89a-4693-b5cd-c4a0f046d7d4,5,1.92329966849736,2.84436249231873,,0,,0,,0,1,10.02,1,10.02,83,80,83,5,,,30,42,30,6.7,,6.7,DF,3,9,1.92329966849736,10,,2018-11-21T15:43:25Z,2.18718929009334,97.875103748545,48.9375518742725,,,0
66e35585-d7e4-41b1-a6a0-1f616c1733f2,e9181ec3-0a6d-40d7-ba67-75b7db8bc155,6,36.2968808395357,40.5737604106054,,0,,0,9,10,1,10.02,1,10.02,39,5,39,54,,,89,77,89,15.2,,15.2,DF,3,162,36.2968808395357,180,,2018-11-21T15:44:17Z,38.391364807672,1624.4932107499,812.246605374949,,,0
66e35585-d7e4-41b1-a6a0-1f616c1733f2,0fdec64e-6b0c-46ac-94f1-bda0f77b4f8b,7,40.9973938073269,48.8447235163726,,0,,0,2,99,0,10.02,1,10.02,,,,,,,51,99,51,25.6,,25.6,DF,3,126,40.9973938073269,140,,2018-11-21T15:44:49Z,54.3844884570958,2260.33016693155,1130.16508346578,,,0
66e35585-d7e4-41b1-a6a0-1f616c1733f2,5af85ca5-3678-4284-9163-617be12dad56,8,1.81699017995436,2.77821163778192,,0,,0,2,99,0,10.02,1,10.02,,,,,,,,38,34.5,6.1,,6.1,DF,3,9,1.81699017995436,10,,2018-11-21T15:40:44Z,1.96432905523364,88.7711308829281,44.3855654414641,,,0
66e35585-d7e4-41b1-a6a0-1f616c1733f2,e92bae22-c778-4944-8fa1-06c7bf0dc9e6,9,2.40482590027774,3.43446711450363,,0,,0,,0,1,10.02,1,10.02,64,35,64,13,,,36,42,36,6.7,,6.7,DF,3,9,2.40482590027774,10,,2018-11-21T15:46:59Z,2.66507635599002,119.260196646805,59.6300983234025,,,0
69c11255-dbd2-45d5-bf4d-546ad9b3fb32,c11f20a0-b3ac-4ce9-bdd4-ee5c37353f25,1,0,0,0,,0,,0,0,1,759.63,3,253.21,,20,23,0,,,,5,5,1,,1,DF,1,0,0,0,,,,1.21506626667832,0.607533133339159,,,0
69c11255-dbd2-45d5-bf4d-546ad9b3fb32,d6095522-c411-4e11-9c08-b3f49426f63e,2,0,0,0,,0,,0,0,1,506.42,2,253.21,,20,23,0,,,,4.5,1,0,,0,DF,1,0,0,0,,,,,,,,0
69c11255-dbd2-45d5-bf4d-546ad9b3fb32,86625034-71b5-4f8f-9dee-20bd750f6584,3,0,0,0,,0,,0,0,1,253.21,1,253.21,,50,57.5,0,,,,4.5,1,0,,0,RC,1,0,0,0,,,,,,,,0
69c11255-dbd2-45d5-bf4d-546ad9b3fb32,ab1ad991-f0f0-4ba6-9b8d-d3b1628a66cc,4,0,0,0,,0,,0,0,1,253.21,1,253.21,,25,28.7,0,,,,4,4.6,1,,1,LP,1,0,0,0,,,,1.49243815346343,0.746219076731716,,,0
69c11255-dbd2-45d5-bf4d-546ad9b3fb32,36d9c355-aebc-44bb-a9f6-8e79e427aac6,5,0,0.226418333378332,0,,0,,0,0,1,40.08,1,40.08,,60,63.1,0,,,,9,9,2,,2,WH,2,0,0,0,,,,6.59074242483524,3.29537121241762,,,0
69c11255-dbd2-45d5-bf4d-546ad9b3fb32,f86c5d80-8f33-4ecf-8f20-fc03d973b440,6,5.03054227426165,7.15715191354053,0,,0,,0,0,1,10.02,1,10.02,78,70,78,9,,,41,58,41,9,,9,DF,3,18,5.03054227426165,20,,,6.5264302335268,284.681518330559,142.340759165279,139,13.2,1
69c11255-dbd2-45d5-bf4d-546ad9b3fb32,05236b61-9743-4b62-83b5-69fd6b12a764,7,0,1.1464327833367,0,,0,,0,0,1,40.08,1,40.08,,60,63.1,0,,,,19,21.8,4.5,,4.5,LP,2,0,0,0,,,,58.1304242870628,29.0652121435314,,,0
69c11255-dbd2-45d5-bf4d-546ad9b3fb32,70cdff05-5c20-4f3a-9b36-7c2b4a2d4e8d,8,15.4369040745492,18.4905037881885,0,,0,,0,0,1,10.02,1,10.02,62,70,62,25,,,66,74,66,11.6,,11.6,DF,3,54,15.4369040745492,60,,,18.3813256953694,788.512199463788,394.256099731894,,,0
69c11255-dbd2-45d5-bf4d-546ad9b3fb32,4e30ee2f-06c2-4f6a-86af-742118199513,9,2.0641899791931,4.42649675260679,0,,0,,0,98,1,10.02,1,10.02,51,50,51,22,,,45,41,45,6.2,,6.2,LP,3,9,2.0641899791931,10,,,3.21694912800734,114.145573993033,57.0727869965167,,,0
69c11255-dbd2-45d5-bf4d-546ad9b3fb32,b680716e-0dce-4f98-8d6a-0febee5ade28,10,0,0.687098332198923,0,,0,,0,0,1,40.08,1,40.08,,70,68.6,0,,,,21,24.2,3.2,,3.2,RC,2,0,0,0,,,,23.1268069340327,11.5634034670164,,,0
69c11255-dbd2-45d5-bf4d-546ad9b3fb32,9180198d-75b2-4520-af4e-e12b2cfe7ebe,11,3.2637500597185,5.51107594241409,0,,0,,0,0,1,10.02,1,10.02,60,60,60,19,,,48,46,48,6.7,,6.7,LP,3,18,3.2637500597185,20,,,4.27482804080454,150.463506679602,75.2317533398008,,,0
69c11255-dbd2-45d5-bf4d-546ad9b3fb32,1f140cbf-02ad-453d-aa5e-4ac2443d8576,12,2.81943475692325,5.30832236757014,0,,0,,0,0,1,10.02,1,10.02,62,65,62,19,,,50,43,50,6.4,,6.4,LP,3,18,2.81943475692325,20,,,3.94793401430397,139.610546366102,69.8052731830511,,,0
69c11255-dbd2-45d5-bf4d-546ad9b3fb32,34cb4e51-2ccd-446c-ad04-f6914d9913d5,13,0,3.00207269324826,0,,0,,0,0,1,10.02,1,10.02,,70,68.6,0,,,,35,39.4,5.8,,5.8,DF,3,0,0,0,,,2.07796514557807,94.4414468437052,47.2207234218526,,,0
69c11255-dbd2-45d5-bf4d-546ad9b3fb32,1a7c3e37-bdd4-435a-b957-55c9121de2da,14,0,0.289523258503945,0,,0,,0,0,1,40.08,1,40.08,,45,51.7,0,,,,8,8,2,,2,DF,2,0,0,0,,,,6.6094718663406,3.3047359331703,,,0
69c11255-dbd2-45d5-bf4d-546ad9b3fb32,3c3e4074-9b56-4834-8a92-86a0e56e28f8,15,0,3.81017981572784,0,,0,,0,0,1,10.02,1,10.02,,55,60.3,0,,,,39,41.5,6.4,,6.4,DF,3,0,0,0,,,2.96706326317859,133.397743368763,66.6988716843816,,,0
69c11255-dbd2-45d5-bf4d-546ad9b3fb32,f5db5c49-2401-42fb-b2dd-aee97b6878d0,16,0,4.89767871756487,0,,0,,0,0,1,10.02,1,10.02,76,55,76,11,,,45,44,45,7,,7,DF,3,0,0,0,,,4.12203696033572,183.669171051004,91.834585525502,,,0
69c11255-dbd2-45d5-bf4d-546ad9b3fb32,3f8a1e68-c2e5-4b6b-b04c-d7110f3b44df,17,0,3.12370304295873,0,,0,,0,0,1,10.02,1,10.02,59,60,59,15,,,37,36,37,5.8,,5.8,LP,3,0,0,0,,,2.11842623620762,75.7293770788765,37.8646885394382,,,0
69c11255-dbd2-45d5-bf4d-546ad9b3fb32,18ff834a-0849-44f5-9659-f80f37a75468,18,3.7528467283589,5.9613973599842,0,,0,,0,0,1,10.02,1,10.02,59,60,59,20,,,49,48,49,6.9,,6.9,LP,3,18,3.7528467283589,20,,,4.7173581194749,165.558857961839,82.7794289809194,,,0
69c11255-dbd2-45d5-bf4d-546ad9b3fb32,81254974-eb8c-4607-8c63-042592f25980,19,0,3.9803060884213,0,,0,,0,0,1,10.02,1,10.02,,70,68.6,0,,,,40,42.1,6.5,,6.5,DF,3,0,0,0,,,3.14809778213019,141.309196641037,70.6545983205187,,,0
69c11255-dbd2-45d5-bf4d-546ad9b3fb32,b60c3e50-5743-4089-ac91-afd033143f83,20,0,3.1158486399039,0,,0,,0,97,1,10.02,1,10.02,47,30,47,20,,,38,35,38,5.7,,5.7,LP,3,0,0,0,,,2.0582690895825,73.7281121070072,36.8640560535036,,,0
69c11255-dbd2-45d5-bf4d-546ad9b3fb32,0897f8e6-840c-4215-a21d-37d3880ea530,21,0,5.40031241506882,0,,0,,0,0,1,10.02,1,10.02,62,55,62,18,,,47,45,47,7.2,,7.2,DF,3,0,0,0,,,4.642774398145,206.322731090848,103.161365545424,,,0
69c11255-dbd2-45d5-bf4d-546ad9b3fb32,9dc3a373-92ee-4a4a-ac10-da1d637a9679,22,3.2637500597185,5.51107594241409,0,,0,,0,0,1,10.02,1,10.02,56,60,56,21,,,48,46,48,6.7,,6.7,LP,3,18,3.2637500597185,20,,,4.27482804080454,150.463506679602,75.2317533398008,,,0
69c11255-dbd2-45d5-bf4d-546ad9b3fb32,30dd2fca-f463-4534-acd3-e6d8c505892d,23,0,4.38129675579365,0,,0,,0,0,1,10.02,1,10.02,64,60,64,16,,,45,41,45,6.6,,6.6,DF,3,0,0,0,,,3.54043006981075,158.671872339263,79.3359361696315,,,0
69c11255-dbd2-45d5-bf4d-546ad9b3fb32,7855df98-453e-4b0a-ac89-c4eaa49eb0f8,24,0,1.68277790848985,0,,0,,0,0,1,40.08,1,40.08,,60,63.1,0,,,,27,31,4.8,,4.8,DF,2,0,0,0,,,,56.1323116072677,28.0661558036338,,,0
69c11255-dbd2-45d5-bf4d-546ad9b3fb32,db97465d-25ac-4b7b-86c1-4e59f5165f0e,25,0,0,0,,0,,0,0,1,40.08,1,40.08,,60,63.1,0,,,,6,6,3.1,,3.1,LP,2,0,0,0,,,,23.4591856062164,11.7295928031082,,,0
69c11255-dbd2-45d5-bf4d-546ad9b3fb32,f2a6e7c5-dd45-4e05-8ce5-c7c799e188fc,26,0,0.881002856451984,0,,0,,0,0,1,40.08,1,40.08,,70,68.6,0,,,,23,26.4,3.5,,3.5,RC,2,0,0,0,,,,28.3164867854916,14.1582433927458,,,0
69c11255-dbd2-45d5-bf4d-546ad9b3fb32,858ac19a-a433-4989-95d1-20c07105d16b,27,2.12225575557261,4.33703331787037,0,,0,,0,0,1,10.02,1,10.02,,60,63.1,0,,,,42,43.1,6.3,,6.3,LP,3,9,2.12225575557261,10,,,3.2144046716723,113.859831318902,56.929915659451,,,0
69c11255-dbd2-45d5-bf4d-546ad9b3fb32,eef4b469-2927-407d-bbe2-777445eb10a4,28,0,0.756688922909625,0,,0,,0,0,1,40.08,1,40.08,,80,74,0,,,,22,25.3,3.3,,3.3,RC,2,0,0,0,,,,24.7917701496805,12.3958850748402,,,0
69c11255-dbd2-45d5-bf4d-546ad9b3fb32,dc8398e6-0cf6-4979-80ed-cd3ea75a29da,29,0,3.13544343209681,0,,0,,0,0,1,40.08,1,40.08,51,60,51,21,,,43,30,43,5.3,,5.3,LP,2,0,0,0,,,1.80054584219742,65.0708474494051,32.5354237247026,350,1.5,1
69c11255-dbd2-45d5-bf4d-546ad9b3fb32,9415795e-2aca-45f6-bb6d-6e83c281ae18,30,0,1.66703730024847,0,,0,,0,0,1,40.08,1,40.08,,65,65.8,0,,,,24,27.6,4.9,,4.9,LP,2,0,0,0,,,,71.5244914027513,35.7622457013757,,,0
69c11255-dbd2-45d5-bf4d-546ad9b3fb32,3ed8c6de-e5b2-4afd-8180-686ae89f43e1,31,0,0.45859235627136,0,,0,,0,0,1,40.08,1,40.08,,50,57.5,0,,,,13,13,3,,3,DF,2,0,0,0,,,,17.8010553193003,8.90052765965017,,,0
69c11255-dbd2-45d5-bf4d-546ad9b3fb32,38a7bfa9-8da3-48ee-a6c4-7c1f30879b2b,32,0,0,0,,0,,0,0,1,40.08,1,40.08,,50,57.5,0,,,,5,5,2.1,,2.1,LP,2,0,0,0,,,,9.08799550974156,4.54399775487078,,,0
69c11255-dbd2-45d5-bf4d-546ad9b3fb32,5c5cce56-2e31-417e-8cfb-ab80c3a7a9f2,33,0,0.881002856451984,0,,0,,0,0,1,40.08,1,40.08,,75,71.3,0,,,,23,26.4,3.5,,3.5,RC,2,0,0,0,,,,28.3164867854916,14.1582433927458,,,0
69c11255-dbd2-45d5-bf4d-546ad9b3fb32,b003f90e-8356-4659-91fc-94661a38857e,34,1.45450378093757,3.00469057746608,0,,0,,0,0,1,10.02,1,10.02,72,65,72,8,,,29,44,29,6.5,,6.5,LP,3,9,1.45450378093757,10,,,2.2806575844534,80.5209638037392,40.2604819018696,,,0
69c11255-dbd2-45d5-bf4d-546ad9b3fb32,14f800a6-160e-48ff-97d8-aaee6ec3bd36,35,0,3.98373183208132,0,,0,,0,0,1,10.02,1,10.02,76,60,76,11,,,46,38,46,6.2,,6.2,DF,3,0,0,0,,,3.04864475400773,137.529238732343,68.7646193661717,,,0
69c11255-dbd2-45d5-bf4d-546ad9b3fb32,31ae8716-9fd5-4bf1-9f6e-65753b00c08d,36,0,2.84605380501511,0,,0,,0,0,1,10.02,1,10.02,47,30,47,17,,,32,38,32,6,,6,LP,3,0,0,0,,,2.0143214431769,71.7311611543111,35.8655805771555,,,0
9d85178f-fc7d-4aa3-80a5-312d1da8310b,cb95eb31-8518-430b-a454-945e4dd484ce,1,,0.724725975036973,,0,,0,,0,1,40.07,1,40.07,73,73,73,7,,,26,24,26,3.5,,3.5,VM,2,,,,Douglas/ twin with 2,2024-09-18T07:00:00Z,,,,,,0
9d85178f-fc7d-4aa3-80a5-312d1da8310b,67fb0cae-de69-4a6b-8abc-951a6f7e27a7,2,,0.4843470102166,,0,,0,,0,1,40.07,1,40.07,72,72,72,7,,,25,22,25,2.9,,2.9,VM,2,,,,Douglas ,2024-09-18T07:00:00Z,,,,,,0
9d85178f-fc7d-4aa3-80a5-312d1da8310b,26df7060-4dbc-4cac-b4f0-ee044ee368c4,3,,0.904359895960006,,0,,0,,0,1,40.07,1,40.07,,,,,,,,24,27.6,3.8,,3.8,VM,2,,,,Douglas/ twin with 4,2024-09-18T07:00:00Z,,,,,,0
9d85178f-fc7d-4aa3-80a5-312d1da8310b,aeafc46f-5ac3-4c57-bd0e-a82148a3dcf8,4,,1.24852243263439,,0,,0,,0,1,40.07,1,40.07,,,,,,,,25,28.7,4.4,,4.4,VM,2,,,,Douglas ,2024-09-18T07:00:00Z,,,,,,0
9d85178f-fc7d-4aa3-80a5-312d1da8310b,e1aad5c8-3c35-4810-9882-c1bd35b068af,5,,0.228439301724899,,0,,0,,0,1,40.07,1,40.07,,,,,,,,21,24.2,2,,2,VM,2,,,,Douglas ,2024-09-18T07:00:00Z,,,,,,0
9d85178f-fc7d-4aa3-80a5-312d1da8310b,52401101-6856-4ac2-ab3a-058af37b849a,6,,2.79137842327695,,0,,0,,0,1,40.07,1,40.07,92,93,92,3,,,40,33,40,5.3,,5.3,GF,2,,,,,2024-09-18T07:00:00Z,1.65062681076399,60.3130615450513,30.1565307725256,,,0
9d85178f-fc7d-4aa3-80a5-312d1da8310b,f838b12b-f20e-4381-82ee-abfe9ea79ee2,7,,2.38647021974214,,0,,0,,0,1,40.07,1,40.07,70,70,70,12,,,40,43,40,5.4,,5.4,WL,2,,,,,2024-09-18T07:00:00Z,1.50431698308095,68.9675426737378,34.4837713368689,69,10.1,1
9d85178f-fc7d-4aa3-80a5-312d1da8310b,1a36de97-fcd9-42a7-a20c-29607217f136,8,,0.535291653594873,,0,,0,,0,1,40.07,1,40.07,88,88,88,2,,,16,17,16,3.3,,3.3,GF,2,,,,,2024-09-18T07:00:00Z,,20.4956648139685,10.2478324069842,,,0
9d85178f-fc7d-4aa3-80a5-312d1da8310b,721145b8-c3ab-44a0-8e9f-f9e2ab8ece3b,9,,0.397460374425841,,0,,0,,0,1,40.07,1,40.07,,,,,,,,22,25.3,2.6,,2.6,VM,2,,,,Douglas ,2024-09-18T07:00:00Z,,,,,,0
9d85178f-fc7d-4aa3-80a5-312d1da8310b,6c0d48de-8e2f-4bbe-b254-40a95bad9cff,10,26.767722206539,30.8754886437047,,0,,0,,0,1,10.02,1,10.02,89,89,89,8,,,72,79,72,14,,14,GF,3,108,26.767722206539,120,,2024-09-18T07:00:00Z,30.3744757275555,1025.98907110162,512.99453555081,,,0
9d85178f-fc7d-4aa3-80a5-312d1da8310b,2a658d2e-b98b-4725-9ae7-d8124a785646,11,15.7378821642078,18.1190014123584,,0,,0,,0,1,10.02,1,10.02,90,90,90,7,,,72,63,72,10.2,,10.2,GF,3,63,15.7378821642078,70,,2024-09-18T07:00:00Z,16.3207481295157,561.208611284935,280.604305642467,281,32.3,1
9d85178f-fc7d-4aa3-80a5-312d1da8310b,6140f231-001c-480f-ae63-998d401db289,12,3.02144027497955,4.70687053003399,,0,,0,,0,1,10.02,1,10.02,,,,,,,,45,41.1,7,,7,GF,3,9,3.02144027497955,10,,2024-09-18T07:00:00Z,4.01884253436244,142.40729554058,71.2036477702899,,,0
9d85178f-fc7d-4aa3-80a5-312d1da8310b,63651447-22b6-4582-a6b9-4a29f4250be8,13,3.10123789128937,4.82567837531421,,0,,0,,0,1,10.02,1,10.02,,,,,,,,45,41.1,7.1,,7.1,GF,3,9,3.10123789128937,10,,2024-09-18T07:00:00Z,4.16454684457301,147.371475348485,73.6857376742424,,,0
9d85178f-fc7d-4aa3-80a5-312d1da8310b,24bd957d-b562-41d7-9aef-426d2391c06b,14,7.34097665484273,8.9633278356482,,0,,0,,0,1,10.02,1,10.02,81,81,81,10,,,54,53,54,8.4,,8.4,GF,3,27,7.34097665484273,30,,2024-09-18T07:00:00Z,8.11355957122917,282.951783875346,141.475891937673,,,0
9d85178f-fc7d-4aa3-80a5-312d1da8310b,42e39d34-67b9-4922-9163-5294431f5c0d,15,9.00097227893946,27.2838984195908,,0,,0,3,99,0,10.02,1,10.02,,0,0,,,,16,80,16,14.4,,14.4,GF,3,9,9.00097227893946,10,(Species recorded as UCA),2024-09-18T07:00:00Z,7.07050202389624,238.509790604297,119.254895302148,,,0
9d85178f-fc7d-4aa3-80a5-312d1da8310b,4edd2c01-7c49-40a1-ad82-4627845a9b80,16,36.8031794127776,40.7761750201505,,0,,0,2,99,0,10.02,1,10.02,,0,0,,,,76,85,76,15.9,,15.9,GF,3,162,36.8031794127776,180,(Species recorded as UCA),2024-09-18T07:00:00Z,40.8472174388869,1371.8603143591,685.930157179551,,,0
9d85178f-fc7d-4aa3-80a5-312d1da8310b,675caf98-1c4b-428a-aee7-5549dfda0f58,17,30.9732273660866,35.3781888686263,,0,,0,2,99,0,10.02,1,10.02,,0,0,,,,68,85,68,16,,16,GF,3,126,30.9732273660866,140,(Species recorded as UCA),2024-09-18T07:00:00Z,36.9632746901948,1241.09017472349,620.545087361746,,,0
bf620c5c-e8c3-41c3-911d-ff9894a4bf6c,c8e77617-64b6-4628-b5ff-4a17e1ecaaf8,1,,,,0,,0,,0,1,506.42,2,253.21,50,50,50,1,,,2,4.5,1,0,,0,WH,1,,,,,2025-11-18T07:00:00Z,,,,,,0
bf620c5c-e8c3-41c3-911d-ff9894a4bf6c,43e079b4-d46b-4759-ac73-f0bc0cdf9d1f,2,5.22292032791462,7.39328216386754,,0,,0,,0,1,10.02,1,10.02,86,86,86,6.8,,,48.4,54,48.4,8.4,,8.4,DF,3,18,5.22292032791462,20,,2025-11-18T07:00:00Z,6.82414799564414,299.255802157619,149.627901078809,211.5,25.9,0
bf620c5c-e8c3-41c3-911d-ff9894a4bf6c,9da1fe4d-03c0-486a-8e3a-692faa0dae6f,3,,3.17879472115486,,0,,0,,0,1,10.02,1,10.02,92,92,92,3,,,36.3,40,36.3,6,,6,WH,3,,,,,2025-11-18T07:00:00Z,2.23560132903802,95.9980725745505,47.9990362872752,231.2,30.7,0
bf620c5c-e8c3-41c3-911d-ff9894a4bf6c,600213fa-9fa9-4af4-875c-272f884c0cb0,4,,4.61687230953981,,0,,0,,0,1,10.02,1,10.02,78,78,78,9.4,,,43.6,43,43.6,6.9,,6.9,DF,3,,,,,2025-11-18T07:00:00Z,3.83421944936071,171.081825542927,85.5409127714636,237.6,9.1,1
bf620c5c-e8c3-41c3-911d-ff9894a4bf6c,415a336c-fe7d-4b59-b366-99be5c3ec03a,5,,3.13509345118327,,0,,0,,0,1,10.02,1,10.02,,90,90,,,,,39,38.6,5.8,,5.8,WH,3,,,,,2025-11-18T07:00:00Z,2.14074159531179,92.2793134929769,46.1396567464884,253.9,26,0
bf620c5c-e8c3-41c3-911d-ff9894a4bf6c,acf519bc-a627-41f2-a0d2-a70be1971e6e,6,,4.67983456447024,,0,,0,,0,1,10.02,1,10.02,,80,80,,,,,44,43,7,,7,DF,3,,,,,2025-11-18T07:00:00Z,3.91314321309098,174.361311426413,87.1806557132067,249.4,36.6,0
bf620c5c-e8c3-41c3-911d-ff9894a4bf6c,87e94e70-4c01-44ad-8e62-cc8c4b9127c8,7,,2.42991490919625,,0,,0,,0,1,40.07,1,40.07,,90,90,,,,,35,35,5.3,,5.3,WH,2,,,,,2025-11-18T07:00:00Z,1.37860483750106,60.077402471226,30.038701235613,267.1,17.7,0
bf620c5c-e8c3-41c3-911d-ff9894a4bf6c,fa042f81-d099-4ae1-ba40-8fcd186d27bb,8,5.73847915210107,8.01386806234537,,0,,0,,0,1,10.02,1,10.02,80,80,80,11,,,54.3,52,54.3,8.2,,8.2,DF,3,27,5.73847915210107,30,,2025-11-18T07:00:00Z,7.37117660725751,323.874107017734,161.937053508867,284.6,34.7,0
bf620c5c-e8c3-41c3-911d-ff9894a4bf6c,a659389e-726e-4499-bd4e-78c8a032965d,9,,2.78286799723184,,0,,0,,0,1,10.02,1,10.02,,75,75,,,,,35,35,5.9,,5.9,DF,3,,,,,2025-11-18T07:00:00Z,1.91296774463152,86.7724562199495,43.3862281099748,289.4,11.1,0
bf620c5c-e8c3-41c3-911d-ff9894a4bf6c,5eabba63-7b83-45bc-9730-7f9db9795879,10,,6.30748757457735,,0,,0,,0,1,10.02,1,10.02,81,81,81,9,,,47.3,50,47.3,7.8,,7.8,DF,3,,,,,2025-11-18T07:00:00Z,5.6432745462793,248.995248681182,124.497624340591,293.7,22,0
bf620c5c-e8c3-41c3-911d-ff9894a4bf6c,f5dfa3b3-738c-471d-9ca3-c006e0470a46,11,,2.19422117392383,,0,,0,,0,1,40.07,1,40.07,,65,65,,,,,32,32.4,5.4,,5.4,DF,2,,,,,2025-11-18T07:00:00Z,1.28340191518047,58.8304329473023,29.4152164736511,329.2,16.7,0
bf620c5c-e8c3-41c3-911d-ff9894a4bf6c,f93415ed-b719-4b93-930a-bca67e100d62,12,4.03811215961686,6.08192502862297,,0,,0,,0,1,10.02,1,10.02,90,90,90,4.1,,,42.1,54,42.1,7.9,,7.9,WH,3,18,4.03811215961686,20,,2025-11-18T07:00:00Z,5.46239518764817,228.342286820422,114.171143410211,356,26.6,0
bf620c5c-e8c3-41c3-911d-ff9894a4bf6c,925f3f67-0c60-499a-b03c-78a1f9434ca8,13,,3.44996656475636,,0,,0,,0,1,10.02,1,10.02,,85,85,,,,,39,38.6,6.3,,6.3,DF,3,,,,,2025-11-18T07:00:00Z,2.61053518001507,117.563598462789,58.7817992313944,3.4,12.3,0
bf620c5c-e8c3-41c3-911d-ff9894a4bf6c,656ef4ae-db02-4f38-bbf3-248cd5453b39,14,3.8165875292112,5.90726488194995,,0,,0,,0,1,10.02,1,10.02,87,87,87,4.9,,,38.5,45,38.5,7.6,,7.6,RC,3,18,3.8165875292112,20,,2025-11-18T07:00:00Z,4.78184790227147,140.362782041903,70.1813910209517,52,26.5,0
bf620c5c-e8c3-41c3-911d-ff9894a4bf6c,844d5c75-7ceb-4aa0-9618-7aaef2e8ad8f,15,,3.55620138248234,,0,,0,,0,1,10.02,1,10.02,,85,85,,,,,39,38.6,6.4,,6.4,DF,3,,,,,2025-11-18T07:00:00Z,2.7288531648613,122.687931428611,61.3439657143054,58.7,10.2,0
bf620c5c-e8c3-41c3-911d-ff9894a4bf6c,cf3e332e-85cf-457d-a538-1db9084cb560,16,4.92455948703849,7.1177938282788,,0,,0,,0,1,10.02,1,10.02,74,74,74,12.7,,,49.7,52,49.7,8.1,,8.1,DF,3,18,4.92455948703849,20,,2025-11-18T07:00:00Z,6.49529755544924,285.677961395453,142.838980697727,71.5,30.4,0
bf620c5c-e8c3-41c3-911d-ff9894a4bf6c,4c831dbe-b1ac-4344-9bb4-d655154cae7a,17,4.6969257777342,6.88465345193244,,0,,0,,0,1,10.02,1,10.02,,80,80,,,,,51,49.2,8,,8,DF,3,18,4.6969257777342,20,,2025-11-18T07:00:00Z,6.2468147423014,275.033462236188,137.516731118094,93.6,31.2,0
bf620c5c-e8c3-41c3-911d-ff9894a4bf6c,89cf24c0-632f-45dc-935e-3502eaa85675,18,,3.00137130475568,,0,,0,,0,1,10.02,1,10.02,76,76,76,10.3,,,43.5,32,43.5,5.5,,5.5,DF,3,,,,,2025-11-18T07:00:00Z,1.93610680272359,88.5501555348127,44.2750777674064,106.3,2.5,0
bf620c5c-e8c3-41c3-911d-ff9894a4bf6c,c1f02a8b-a9a8-4cf2-a4f9-2b2a9df7bfd2,19,3.45249983766032,5.54259329948304,,0,,0,,0,1,10.02,1,10.02,,80,80,,,,,43,42.1,7.1,,7.1,RC,3,18,3.45249983766032,20,,2025-11-18T07:00:00Z,4.50604418439603,133.090960031081,66.5454800155404,115,22.7,0
bf620c5c-e8c3-41c3-911d-ff9894a4bf6c,5fe84fd3-e464-48a4-9b57-8ede4163be00,20,,6.14097014520195,,0,,0,,0,1,10.02,1,10.02,82,82,82,8.9,,,49.4,47,49.4,7.5,,7.5,DF,3,,,,,2025-11-18T07:00:00Z,5.41499846721816,239.745734961585,119.872867480793,125.7,12.6,0
bf620c5c-e8c3-41c3-911d-ff9894a4bf6c,4451894b-1414-45f0-bfa2-2e71d5cd3360,21,,5.51049242147193,,0,,0,,0,1,10.02,1,10.02,,85,85,,,,,47,45.6,7.4,,7.4,DF,3,,,,,2025-11-18T07:00:00Z,4.79082968627296,212.367332313311,106.183666156656,155.4,33.9,0
bf620c5c-e8c3-41c3-911d-ff9894a4bf6c,5c0a14b0-1c34-48de-b9ca-e3ab21df593d,22,,4.46028084310347,,0,,0,,0,1,10.02,1,10.02,,75,75,,,,,43,42.1,6.9,,6.9,DF,3,,,,,2025-11-18T07:00:00Z,3.68325914988685,164.346018174676,82.1730090873381,180.2,25.6,0
bf620c5c-e8c3-41c3-911d-ff9894a4bf6c,e2d2e1a6-a3e8-453b-833e-db4421b478cb,23,,5.14530216979774,,0,,0,,0,1,10.02,1,10.02,74,74,74,12.7,,,49.7,42,49.7,6.8,,6.8,DF,3,,,,,2025-11-18T07:00:00Z,4.28562089033106,191.496521630906,95.7482608154531,182,15.2,1
c093ea2e-9f24-477b-980d-fd34a32a9061,713b17f3-0cf9-4b37-aba0-b15332b437cc,1,0,0,,0,,0,,0,1,2278.89,9,253.21,67,67,67,0.5,,,1.5,4.5,1,0,,0,WH,1,0,0,0,,2022-04-05T18:44:42Z,,,,,,0
c093ea2e-9f24-477b-980d-fd34a32a9061,215666f0-b8bf-4640-b2b7-3b0d6e04db1d,2,0,0,,0,,0,,0,1,2278.89,9,253.21,62,62,62,1.5,,,4,4.5,1,0,,0,RA,1,0,0,0,,2022-04-05T18:47:43Z,,,,,,0
c093ea2e-9f24-477b-980d-fd34a32a9061,3cd57e75-0043-4582-a1ad-e8a0a71da396,3,0,0,,0,,0,,0,1,253.21,1,253.21,50,50,50,1.5,,,3,4.5,1,0,,0,SS,1,0,0,0,,2022-04-05T18:47:00Z,,,,,,0
c093ea2e-9f24-477b-980d-fd34a32a9061,8f8586a8-2077-4402-9551-5cc065854db8,4,15.0456299732909,19.3762511953093,,0,,0,,0,1,10.02,1,10.02,92,92,92,5,,,65,75,65,11.4,,11.4,WH,3,45,15.0456299732909,50,,2022-04-05T19:22:17Z,19.0488591315267,775.812483047493,387.906241523746,156,9,1
c093ea2e-9f24-477b-980d-fd34a32a9061,ee702832-5826-4fbf-b4fa-39edda3ffdf0,5,23.9948185301206,27.9321949899094,,0,,0,,0,1,10.02,1,10.02,92,92,92,6,,,71,84,71,13.2,,13.2,WH,3,72,23.9948185301206,80,,2022-04-05T19:13:15Z,27.826796779985,1124.26070968933,562.130354844663,,,0
c093ea2e-9f24-477b-980d-fd34a32a9061,0c2b350d-344d-4d7e-8aa6-9a63693bdd5c,6,2348.21633136326,2765.51297518395,,0,,0,,0,1,10.02,1,10.02,66,66,66,71,,,208,216,208,92.1,,92.1,SS,3,14103,2348.21633136326,15670,,2022-04-05T19:11:07Z,2693.94937617736,83268.5676848858,41634.2838424429,,,0
c093ea2e-9f24-477b-980d-fd34a32a9061,7a9652df-da10-4915-99e0-11023ef8fcab,7,4.13004169655618,6.11991759721555,,0,,0,1,99,0,10.02,1,10.02,,0,0,,,,,50,48.5,7.3,,7.3,WH,3,18,4.13004169655618,20,,2022-04-05T19:12:22Z,5.26894069561836,221.796560343026,110.898280171513,,,0
c093ea2e-9f24-477b-980d-fd34a32a9061,ec723c47-362f-46eb-b58a-916380ba077c,8,5.172739459129,7.20554400773233,,0,,0,2,99,0,10.02,1,10.02,,0,0,,,,,53,51.3,7.7,,7.7,WH,3,18,5.172739459129,20,,2022-04-05T19:13:03Z,6.37400533629845,267.037763655267,133.518881827634,,,0
c093ea2e-9f24-477b-980d-fd34a32a9061,9436cffa-f2c8-4d62-baeb-6f12e4f43dab,9,8.75087020857964,12.2364323412198,,0,,0,,0,1,10.02,1,10.02,63,63,63,15,,,41,74,41,11.3,,11.3,WH,3,18,8.75087020857964,20,cant see topvery well,2022-04-05T19:30:02Z,11.3486108676962,462.441261834809,231.220630917405,193,18,1
c093ea2e-9f24-477b-980d-fd34a32a9061,f0194c1e-6088-4a4c-858b-bbd2e7453398,10,1.69677731873656,3.88439606222343,,0,,0,,0,1,10.02,1,10.02,71,71,71,12,,,42,48,42,6.2,,6.2,RA,3,9,1.69677731873656,10,,2022-04-05T19:34:02Z,2.86148296689331,121.664387293315,60.8321936466574,,,0
c093ea2e-9f24-477b-980d-fd34a32a9061,c7d9a211-8f89-4769-90fe-b6ffc9504573,11,0,0.475248545994823,,0,,0,,0,1,40.07,1,40.07,,90,90,,,,,17,17.8,3.1,,3.1,WH,2,0,0,0,,2022-04-05T19:35:58Z,,19.5534508923846,9.77672544619228,,,0
c093ea2e-9f24-477b-980d-fd34a32a9061,43accb70-2806-4fc6-b910-c52b72e90a92,12,0,2.96545331227704,,0,,0,,0,1,10.02,1,10.02,87,87,87,5,,,39,37,39,5.6,,5.6,WH,3,0,0,0,,2022-04-05T19:37:47Z,1.91663053143132,82.9601911793562,41.4800955896781,,,0
c093ea2e-9f24-477b-980d-fd34a32a9061,a31d7cef-3dd2-47d1-855b-1a27d3cf10e4,13,4.22692300042138,6.4348443930667,,0,,0,,0,1,10.02,1,10.02,87,87,87,7,,,55,47,55,6.9,,6.9,WH,3,18,4.22692300042138,20,,2022-04-05T19:43:07Z,5.23265726656749,221.44451822798,110.72225911399,,,0
c093ea2e-9f24-477b-980d-fd34a32a9061,4e449d58-291e-430b-81c7-85c07dde25b0,14,11.6958311817532,15.6820469191838,,0,,0,,0,1,10.02,1,10.02,93,93,93,5,,,68,66,68,9.8,,9.8,WH,3,45,11.6958311817532,50,,2022-04-05T19:51:07Z,14.7410279955501,606.158402937732,303.079201468866,,,0
c093ea2e-9f24-477b-980d-fd34a32a9061,8935f621-6c77-47b9-a5c5-68273472cb1f,15,2.15599565280316,4.09441649091655,,0,,0,,0,1,10.02,1,10.02,,40,40,,,,,43,42,6.4,,6.4,WH,3,9,2.15599565280316,10,,2022-04-05T19:51:17Z,3.17860372964973,135.54197182248,67.7709859112402,,,0
c093ea2e-9f24-477b-980d-fd34a32a9061,29b1c54e-257b-4e00-9237-a91c9507e8ad,16,16.065080836486,18.9708465878598,,0,,0,,0,1,10.02,1,10.02,80,80,80,14,,,69,72,69,10.8,,10.8,WH,3,63,16.065080836486,70,,2022-04-05T19:52:14Z,18.2562259699736,745.96428582251,372.982142911255,,,0
c093ea2e-9f24-477b-980d-fd34a32a9061,e4400e19-e10e-48d8-b066-54379ce3f28e,17,1.81447232499475,3.76591377757804,,0,,0,,0,1,10.02,1,10.02,,55,55,,,,,42,41,6.2,,6.2,WH,3,9,1.81447232499475,10,,2022-04-05T19:52:53Z,2.82189285980928,120.738137762726,60.3690688813632,,,0
c093ea2e-9f24-477b-980d-fd34a32a9061,d2e795a6-447b-4e55-9df8-76b86753a45f,18,5.172739459129,7.20554400773233,,0,,0,,0,1,10.02,1,10.02,,40,40,,,,,53,51.3,7.7,,7.7,WH,3,18,5.172739459129,20,,2022-04-05T19:54:37Z,6.37400533629845,267.037763655267,133.518881827634,,,0
c093ea2e-9f24-477b-980d-fd34a32a9061,c250c7b3-64ae-4b35-b5d4-b70011a53bc6,19,0,0.383077986946809,,0,,0,,0,1,40.07,1,40.07,76,76,76,4,,,17,14,17,2.8,,2.8,WH,2,0,0,0,,2022-04-05T19:57:21Z,,15.1892540802563,7.59462704012813,,,0
c093ea2e-9f24-477b-980d-fd34a32a9061,53aa4c05-03fa-4806-a931-3286fdf144a3,20,4.21837519603194,6.63465755864969,,0,,0,,0,1,10.02,1,10.02,81,81,81,11,,,59,45,59,6.7,,6.7,WH,3,18,4.21837519603194,20,,2022-04-05T20:02:19Z,5.22229027502431,221.647382464348,110.823691232174,,,0
c093ea2e-9f24-477b-980d-fd34a32a9061,47e919d7-1eba-4271-9946-780150cd3738,21,7.98823014362231,10.1557334449593,,0,,0,,0,1,10.02,1,10.02,,70,70,,,,,59,56.8,8.7,,8.7,WH,3,27,7.98823014362231,30,from base of stump,2022-04-05T20:02:28Z,9.40489275418501,390.09342732439,195.046713662195,,,0
c093ea2e-9f24-477b-980d-fd34a32a9061,4ae9450b-3a77-43ca-8bee-8b0ddeb6bc64,22,0,0.459347127217553,,0,,0,,0,1,40.07,1,40.07,85,85,85,3,,,20,16,20,3,,3,WH,2,0,0,0,,2022-04-05T20:06:57Z,,18.0254945688893,9.01274728444464,,,0
c093ea2e-9f24-477b-980d-fd34a32a9061,c1e1f965-bc7a-4677-8959-61f7c24dc6be,23,8.5301689228753,12.1446002684577,,0,,0,,0,1,10.02,1,10.02,69,69,69,22,,,72,56,72,8.2,,8.2,WH,3,27,8.5301689228753,30,,2022-04-05T20:09:17Z,10.6607637939155,444.266398362173,222.133199181087,,,0
d7eae4c0-5e68-4e85-99e7-f283f60b346a,ad328b2d-86bf-4495-8309-60d747f60d83,1,0,0.0097766054584638,,0,,0,,0,1,253.21,1,253.21,,30,28.9,,,,,5,5,1,,1,MA,1,0,0,0,,2015-11-18T20:36:05Z,,2.84681766594225,1.42340883297112,,,0
d7eae4c0-5e68-4e85-99e7-f283f60b346a,82125d12-2787-4316-b2bf-9015cbd95c8b,2,0,2.72582824419777,,0,,0,,0,1,10.02,1,10.02,,70,74.2,,,,,35,35.5,5.8,,5.8,DF,3,0,0,0,,2015-12-16T22:13:27Z,1.84079087309141,83.6621123128016,41.8310561564008,,,0
d7eae4c0-5e68-4e85-99e7-f283f60b346a,1f630d64-1fb0-46d2-a0a1-54c1b48f8cfa,3,0,3.2415525522556,,0,,0,,0,1,10.02,1,10.02,,70,74.2,,,,,38,37.3,6.2,,6.2,DF,2,0,0,0,,2015-11-18T20:37:54Z,2.39562960885216,108.070681556774,54.035340778387,,,0
d7eae4c0-5e68-4e85-99e7-f283f60b346a,2a4e8f72-6157-4e1b-bfd9-401891a03af1,4,0,2.1486833158593,,0,,0,,0,1,40.07,1,40.07,,70,74.2,,,,,31,33,5.3,,5.3,DF,2,0,0,0,,2015-12-16T22:13:27Z,1.21797163642019,55.9619436151711,27.9809718075855,191,2.9,1
d7eae4c0-5e68-4e85-99e7-f283f60b346a,8bdd24b7-3531-4214-8421-0955ea6f0448,5,0,2.95430594396465,,0,,0,,0,1,10.02,1,10.02,,70,74.2,,,,,36,36.1,6,,6,DF,3,0,0,0,,2015-11-18T20:39:43Z,2.09038478063754,94.6408549622041,47.320427481102,,,0
d7eae4c0-5e68-4e85-99e7-f283f60b346a,212dd229-0516-4e78-9a0f-df0cdf9a7884,6,0,4.97366090631774,,0,,0,,0,1,10.02,1,10.02,,70,74.2,,,,,46,42.2,7.3,,7.3,DF,3,0,0,0,,2015-11-18T20:40:31Z,4.24398602906786,188.3604449717,94.1802224858501,,,0
d7eae4c0-5e68-4e85-99e7-f283f60b346a,e7f2042d-14a1-4035-b86d-7dba823dac43,7,0,4.46852048714449,,0,,0,,0,1,10.02,1,10.02,,70,74.2,,,,,44,41,7,,7,DF,2,0,0,0,,2015-12-16T22:13:27Z,3.70448916081249,165.06413209804,82.5320660490202,,,0
d7eae4c0-5e68-4e85-99e7-f283f60b346a,9fd6f4ef-e87e-441a-9a76-40c108d8864f,8,0,3.2415525522556,,0,,0,,0,1,10.02,1,10.02,,70,74.2,,,,,38,37.3,6.2,,6.2,DF,2,0,0,0,,2015-11-18T20:42:30Z,2.39562960885216,108.070681556774,54.035340778387,,,0
d7eae4c0-5e68-4e85-99e7-f283f60b346a,83154140-b937-4f0b-aee6-1745c579d6e2,9,0,5.19649148241158,,0,,0,,0,1,10.02,1,10.02,72,70,72,12,,,43,47,43,7.4,,7.4,DF,3,0,0,0,,2015-11-18T21:04:06Z,4.47958240232398,198.570399483201,99.2851997416003,,,0
d7eae4c0-5e68-4e85-99e7-f283f60b346a,7310fe49-2eaa-45b8-862d-a7cf913f7aae,10,5.03561790840271,7.17315252978129,,0,,0,,0,1,10.02,1,10.02,76,70,76,11,,,46,55,46,8.5,,8.5,DF,3,18,5.03561790840271,20,,2015-11-18T21:03:54Z,6.60622114978621,289.42731851236,144.71365925618,,,0
d7eae4c0-5e68-4e85-99e7-f283f60b346a,8ce21c94-c3cb-4606-9401-a90b69e7b980,11,0,1.50852306780375,,0,,0,,0,1,40.07,1,40.07,,70,74.2,,,,30,25,30,4.6,,4.6,DF,2,0,0,0,,2015-11-18T21:03:32Z,,50.5881416139001,25.29407080695,,,0
d7eae4c0-5e68-4e85-99e7-f283f60b346a,dc178652-e2b4-44a0-aeff-d5c0039b80cf,12,0,1.72562236218003,,0,,0,,0,1,40.07,1,40.07,,70,74.2,,,,35,25,35,4.6,,4.6,DF,2,0,0,0,,2015-11-18T21:03:28Z,,50.5881416139001,25.29407080695,,,0
d7eae4c0-5e68-4e85-99e7-f283f60b346a,e1ddb866-9c26-47b8-9633-ead71533b443,13,0,4.1110182228738,,0,,0,,0,1,10.02,1,10.02,,70,74.2,,,,,42,39.8,6.8,,6.8,DF,3,0,0,0,,2015-11-18T20:47:58Z,3.32554489317936,148.596970163191,74.2984850815953,,,0
d7eae4c0-5e68-4e85-99e7-f283f60b346a,1eee792c-5d65-4088-b975-ac1d827a8e07,14,0,3.09560365508646,,0,,0,,0,1,10.02,1,10.02,,70,74.2,,,,,37,36.7,6.1,,6.1,DF,2,0,0,0,,2015-12-16T22:13:27Z,2.24056673882121,101.25474787124,50.6273739356198,,,0
d7eae4c0-5e68-4e85-99e7-f283f60b346a,8a0ac260-e12a-4259-84a4-233ce54f2165,15,0,3.65525171426238,,0,,0,,0,1,10.02,1,10.02,,70,74.2,,,,,40,38.5,6.5,,6.5,DF,3,0,0,0,,2015-11-18T20:49:34Z,2.83933779626369,127.449835027381,63.7249175136904,,,0
d7eae4c0-5e68-4e85-99e7-f283f60b346a,d62a0ff3-585c-4a18-9422-7f2390958899,16,0,3.39222395429184,,0,,0,,0,1,10.02,1,10.02,,70,74.2,,,,,39,37.9,6.3,,6.3,DF,3,0,0,0,,2015-11-18T20:49:59Z,2.55563668855948,115.091283875686,57.5456419378428,,,0
d7eae4c0-5e68-4e85-99e7-f283f60b346a,3d55ab3c-0123-497b-ab9c-806ec50a0868,17,0,0.288149753147173,,0,,0,1,99,0,40.07,1,40.07,,0,0,,,,22,10,22,2.4,,2.4,RA,2,0,0,0,,2015-11-18T21:08:32Z,,13.5676034688747,6.78380173443733,,,0
d7eae4c0-5e68-4e85-99e7-f283f60b346a,4f101ff9-ffd9-470a-8da4-f82ee3fb0e99,18,0,5.30031960228907,,0,,0,,0,1,10.02,1,10.02,80,70,80,9,,,45,46,45,7.3,,7.3,DF,2,0,0,0,,2015-11-18T21:00:36Z,4.56827356694381,202.753269197492,101.376634598746,55,14.4,1
d7eae4c0-5e68-4e85-99e7-f283f60b346a,439b9527-ded3-4e68-bcb0-d18334ebb633,19,0,3.0953802818006,,0,,0,,0,1,10.02,1,10.02,79,70,79,8,,,38,36,38,6,,6,DF,3,0,0,0,,2015-11-18T21:01:00Z,2.21908560269491,100.467703658516,50.2338518292582,,,0
d7eae4c0-5e68-4e85-99e7-f283f60b346a,5e73b750-7b43-4c3f-a389-e325923995df,20,0,5.04947674794736,,0,,0,,0,1,10.02,1,10.02,82,70,82,8,,,44,45,44,7.2,,7.2,DF,3,0,0,0,,2015-11-18T21:00:49Z,4.30651080649902,191.379333750125,95.6896668750626,,,0
d7eae4c0-5e68-4e85-99e7-f283f60b346a,fc6a8e12-f7ce-41cf-84d3-07599d66bd40,21,0,4.86012913267673,,0,,0,,0,1,10.02,1,10.02,74,70,74,10,,,39,47,39,7.5,,7.5,DF,3,0,0,0,,2015-11-18T21:02:12Z,4.13023297047887,182.863530814391,91.4317654071955,,,0
d7eae4c0-5e68-4e85-99e7-f283f60b346a,7e345e6f-fa50-420d-ab94-c9ccbd93f2b0,22,0,1.48499656394604,,0,,0,,0,1,40.07,1,40.07,61,65,61,12,,,31,25,31,4.5,,4.5,DF,2,0,0,0,,2015-11-18T21:08:18Z,,47.9429486786262,23.9714743393131,,,0
d7eae4c0-5e68-4e85-99e7-f283f60b346a,026dfdc6-633b-4327-a09e-5ccf69c1406a,23,0,0.961989804121133,,0,,0,,0,1,40.07,1,40.07,48,50,48,15,,,29,18,29,3.7,,3.7,DF,2,0,0,0,,2015-11-18T21:07:09Z,,29.7167203039727,14.8583601519863,,,0
d7eae4c0-5e68-4e85-99e7-f283f60b346a,2f5979d5-3d66-4a85-a2a3-711f3eee59e3,24,0,3.52605788778574,,0,,0,,0,1,10.02,1,10.02,78,70,78,8,,,37,40,37,6.5,,6.5,DF,3,0,0,0,,2015-11-18T21:06:31Z,2.7110005523284,121.689139491631,60.8445697458155,,,0
d7eae4c0-5e68-4e85-99e7-f283f60b346a,76ee9654-ac62-4595-8518-52fb8a36e91d,25,0,4.86012913267673,,0,,0,,0,1,10.02,1,10.02,62,70,62,15,,,39,47,39,7.5,,7.5,DF,2,0,0,0,,2015-11-18T21:06:06Z,4.13023297047887,182.863530814391,91.4317654071955,,,0
d7eae4c0-5e68-4e85-99e7-f283f60b346a,fe9a4d87-4bac-4ddc-a4bd-3ff6efe60afc,26,0,0.199072229069379,,0,,0,,0,1,40.07,1,40.07,8,10,8,11,,,12,8,12,2,,2,DF,2,0,0,0,,2015-11-18T21:07:38Z,,6.6094718663406,3.3047359331703,,,0
d7eae4c0-5e68-4e85-99e7-f283f60b346a,b5940235-3e06-4306-a6d1-c82c2d8aaa5a,27,0,0.251574423086808,,0,,0,,0,1,40.07,1,40.07,50,50,50,9,,,18,9,18,2.2,,2.2,DF,2,0,0,0,,2015-11-18T21:07:56Z,,8.34276065870972,4.17138032935486,,,0
d7eae4c0-5e68-4e85-99e7-f283f60b346a,0e8c3669-4c14-448f-88d4-6e2cecfe399a,28,0,0.202431167033584,,0,,0,,0,1,40.07,1,40.07,53,50,53,8,,,17,8,17,2,,2,DF,2,0,0,0,,2015-11-18T21:08:01Z,,6.6094718663406,3.3047359331703,,,0
e202f6d2-9a72-48bc-b3fe-dc6a2e024a52,3c54b144-6d5b-4467-92d9-bf2d9848dabc,1,128.556069572828,138.781773409889,,0,,0,,0,1,10.02,1,10.02,56,56,56,49.8,,,112,100,112,26.3,,26.3,DF,3,612,128.556069572828,680,,2024-07-23T07:00:00Z,133.987935056514,5564.92782195402,2782.46391097701,,,0
e202f6d2-9a72-48bc-b3fe-dc6a2e024a52,cbf6faee-503b-4922-ac56-098c18fd5cd2,2,,1.68869929214829,,0,,0,,0,1,40.07,1,40.07,,,,,,,,29,33.3,4.7,,4.7,DF,2,,,,,2024-07-23T07:00:00Z,,53.317659864189,26.6588299320945,,,0
e202f6d2-9a72-48bc-b3fe-dc6a2e024a52,f5b75ee4-9d2a-4588-867b-9e94acdb7c16,3,2.59418959444687,4.46118867991721,,0,,0,,0,1,10.02,1,10.02,,,,,,,,40,46,6.3,,6.3,GF,3,9,2.59418959444687,10,,2024-07-23T07:00:00Z,3.39278169247313,121.508343700927,60.7541718504633,,,0
e202f6d2-9a72-48bc-b3fe-dc6a2e024a52,4d4025f5-fbf2-4c2a-830e-28a8a26e652d,4,15.9199281393425,18.689640583343,,0,,0,,0,1,10.02,1,10.02,,,,,,,,62,71.3,10.8,,10.8,RC,3,54,15.9199281393425,60,,2024-07-23T07:00:00Z,17.4975043994261,500.358989245944,250.179494622972,,,0
e202f6d2-9a72-48bc-b3fe-dc6a2e024a52,745f1bd3-1ba1-4f56-af0d-0bc9f69e80d5,5,47.5699512729672,55.6093662164448,,0,,0,,0,1,10.02,1,10.02,80,80,80,16.4,,,81,86,81,19,,19,RC,3,189,47.5699512729672,210,,2024-07-23T07:00:00Z,54.0196144068245,1503.89187635715,751.945938178576,,,0
e202f6d2-9a72-48bc-b3fe-dc6a2e024a52,0f07c863-4e07-42d3-9a7c-a161ea582443,6,6.76504816551648,8.51540092591879,,0,,0,,0,1,10.02,1,10.02,,,,,,,,50,57.5,7.8,,7.8,GF,3,27,6.76504816551648,30,,2024-07-23T07:00:00Z,7.31117087855431,256.539166619999,128.269583309999,,,0
e202f6d2-9a72-48bc-b3fe-dc6a2e024a52,aa62dfda-65dd-42aa-b776-ef4ba55d764a,7,,0.167948543395486,,0,,0,,0,1,40.07,1,40.07,,,,,,,,11,11,2,,2,RC,2,,,,,2024-07-23T07:00:00Z,,7.99774973383648,3.99887486691824,,,0
e202f6d2-9a72-48bc-b3fe-dc6a2e024a52,652b9040-a6c8-4800-81b6-bf1c456c5a42,8,16.2896779389224,18.2690477918286,,0,,0,,0,1,10.02,1,10.02,81,81,81,13.6,,,71,71,71,10.8,,10.8,WH,3,54,16.2896779389224,60,,2024-07-23T07:00:00Z,18.8317178520665,769.479353587783,384.739676793892,,,0
e202f6d2-9a72-48bc-b3fe-dc6a2e024a52,358151b4-f09e-4cb7-adb9-f022b068463a,9,,3.11628767377654,,0,,0,,0,1,10.02,1,10.02,,,,,,,,36,41.4,5.5,,5.5,RC,3,,,,,2024-07-23T07:00:00Z,2.05264135049439,62.3142521824766,31.1571260912383,,,0
e202f6d2-9a72-48bc-b3fe-dc6a2e024a52,97709014-48a9-4a23-8476-a816825666cb,10,5.07383208534172,6.33476247722359,,0,,0,,0,1,10.02,1,10.02,,,,,,,,45,51.7,7.1,,7.1,GF,3,27,5.07383208534172,30,,2024-07-23T07:00:00Z,5.24451160164648,185.588358364626,92.7941791823128,,28.9,0
e202f6d2-9a72-48bc-b3fe-dc6a2e024a52,9b612be6-7b72-4e0d-ac72-2e0c765ae47c,11,7.17247531329913,9.11519231915325,,0,,0,,0,1,10.02,1,10.02,,,,,,,,51,58.6,8,,8,GF,3,27,7.17247531329913,30,,2024-07-23T07:00:00Z,7.89682908584176,276.494509888255,138.247254944127,,,0
e202f6d2-9a72-48bc-b3fe-dc6a2e024a52,9bf225c8-3c56-4f7a-be96-f8f7c598167c,12,25.3815695059126,27.8982404026696,,0,,0,,0,1,10.02,1,10.02,83,83,83,14,,,81.7,71,81.7,11.9,,11.9,GF,3,108,25.3815695059126,120,,2024-07-23T07:00:00Z,25.1925611949116,858.178856147604,429.089428073802,326,19.3,1
e202f6d2-9a72-48bc-b3fe-dc6a2e024a52,c871afad-bfb4-4094-8eb8-6b74d60eee03,13,,1.03242011164624,,0,,0,,0,1,40.07,1,40.07,,,,,,,,24,27.6,4,,4,DF,2,,,,,2024-07-23T07:00:00Z,,35.9528690327088,17.9764345163544,,,0
e202f6d2-9a72-48bc-b3fe-dc6a2e024a52,76cff578-d135-4400-8796-f2ec7d6f52c4,14,5.87930151194795,7.18445164464708,,0,,0,,0,1,10.02,1,10.02,,,,,,,,47,54,7.4,,7.4,GF,3,27,5.87930151194795,30,,2024-07-23T07:00:00Z,6.06320992416879,213.740316899083,106.870158449542,,,0
e202f6d2-9a72-48bc-b3fe-dc6a2e024a52,38ce45f0-fdae-45a7-a1b5-022f0d6a32b7,15,5.87930151194795,7.18445164464708,,0,,0,1,99,0,10.02,1,10.02,,,,,,,,47,54,7.4,,7.4,GF,3,27,5.87930151194795,30,,2024-07-23T07:00:00Z,6.06320992416879,213.740316899083,106.870158449542,,,0
e202f6d2-9a72-48bc-b3fe-dc6a2e024a52,b02fb3e4-3f3e-4bee-bda9-ac28be21fab7,16,,2.53681210150879,,0,,0,,0,1,40.07,1,40.07,63,63,63,15.8,,,43,29,43,4.8,,4.8,GF,2,,,,,2024-07-23T07:00:00Z,,51.9342095582081,25.967104779104,,,0
e202f6d2-9a72-48bc-b3fe-dc6a2e024a52,7d5fa5bb-3ccd-4678-a1ab-88631165ca55,17,,0.261491399282246,,0,,0,,0,1,40.07,1,40.07,,,,,,,,8,8,2,,2,GF,2,,,,,2024-07-23T07:00:00Z,,5.91558025704349,2.95779012852175,,,0
e202f6d2-9a72-48bc-b3fe-dc6a2e024a52,fd8e27dc-53c1-4c2b-b776-03c574faf5e0,18,14.9839994585574,17.7322521036193,,0,,0,,0,1,10.02,1,10.02,73,73,73,21,,,77,60,77,9.6,,9.6,GF,3,72,14.9839994585574,80,,2024-07-23T07:00:00Z,15.4156488116802,532.267927669191,266.133963834596,,,0
e202f6d2-9a72-48bc-b3fe-dc6a2e024a52,6c118383-9b73-45ac-831c-d0204012b955,19,38.8895690109864,43.4476755509602,,0,,0,4,98,1,10.02,1,10.02,70,70,70,26.5,,,89,79,89,15.8,,15.8,DF,3,171,38.8895690109864,190,,2024-07-23T07:00:00Z,41.230685602354,1741.71493000365,870.857465001826,61,33,0
e202f6d2-9a72-48bc-b3fe-dc6a2e024a52,5cb0cac1-5e65-413c-b469-619442a354a1,20,7.16682074197362,9.25739597754266,,0,,0,,0,1,10.02,1,10.02,,,,,,,,52,59.8,8.5,,8.5,DF,3,27,7.16682074197362,30,,2024-07-23T07:00:00Z,8.04835194444202,352.608983094515,176.304491547257,,,0
e202f6d2-9a72-48bc-b3fe-dc6a2e024a52,37530540-2084-4fa2-80cb-9fb372ffb5c9,21,15.7807333580803,18.6378599291977,,0,,0,,0,1,10.02,1,10.02,67,67,67,25,,,76.7,61,76.7,9.9,,9.9,GF,3,72,15.7807333580803,80,,2024-07-23T07:00:00Z,16.3624076979716,563.763001860001,281.881500930001,,,0
e202f6d2-9a72-48bc-b3fe-dc6a2e024a52,de58ce3b-a98e-4445-afee-37185c2a589a,22,27.5228693022883,30.3972738295459,,0,,0,,0,1,10.02,1,10.02,69,69,69,26,,,84,72,84,13.4,,13.4,DF,3,126,27.5228693022883,140,,2024-07-23T07:00:00Z,28.5354012987609,1214.626376024,607.313188012001,,,0
e202f6d2-9a72-48bc-b3fe-dc6a2e024a52,7a3f7254-bcfa-4734-a1e9-d363bef53448,23,2.55818770799861,4.54345583401954,,0,,0,,0,1,10.02,1,10.02,,,,,,,,41,47.2,6.6,,6.6,DF,3,9,2.55818770799861,10,,2024-07-23T07:00:00Z,3.43648222911285,154.013229693049,77.0066148465246,,,0
e202f6d2-9a72-48bc-b3fe-dc6a2e024a52,088a8563-31c7-43fe-abb6-a5f9b2b5d61a,24,5.90501321802915,7.20609994294045,,0,,0,7,96,1,10.02,1,10.02,,,,,,,,51,58.6,7.5,,7.5,WH,3,27,5.90501321802915,30,,2024-07-23T07:00:00Z,6.91427244375765,290.345282546943,145.172641273471,,,0
e202f6d2-9a72-48bc-b3fe-dc6a2e024a52,d54ff426-9fc4-4fdc-ba2b-1e685adf645f,25,6.06161876854982,7.60052605849808,,0,,0,,0,1,10.02,1,10.02,,,,,,,,48,55.2,7.6,,7.6,RC,3,27,6.06161876854982,30,splits below dbh,2024-07-23T07:00:00Z,6.64144015985486,194.947860461901,97.4739302309504,,,0
e202f6d2-9a72-48bc-b3fe-dc6a2e024a52,297bb453-94d9-4516-b73a-5612fce5f9d0,26,6.12333233049574,7.55715738347992,,0,,0,,0,1,10.02,1,10.02,,,,,,,,48,55.2,7.5,,7.5,GF,3,27,6.12333233049574,30,,2024-07-23T07:00:00Z,6.40086960015205,225.371189048321,112.68559452416,,,0
e202f6d2-9a72-48bc-b3fe-dc6a2e024a52,5fc36325-9c96-43c2-97f5-672a38b126ad,27,,2.45612040642963,,0,,0,,0,1,40.07,1,40.07,,,,,,,,32,36.8,5.2,,5.2,GF,2,,,,,2024-07-23T07:00:00Z,1.40192337721108,51.3501889859253,25.6750944929627,,,0
e202f6d2-9a72-48bc-b3fe-dc6a2e024a52,5711b708-dddf-4eb9-943e-83aca50f588a,28,,1.57506116509006,,0,,0,,0,1,40.07,1,40.07,,,,,,,,27,31,4.5,,4.5,GF,2,,,,,2024-07-23T07:00:00Z,,44.2489583199477,22.1244791599738,,,0
e202f6d2-9a72-48bc-b3fe-dc6a2e024a52,980685a5-2764-41cd-af1b-371e26c7c47c,29,5.71719147291623,7.01733774558927,,0,,0,,0,1,10.02,1,10.02,,,,,,,,51,58.6,7.4,,7.4,WH,3,27,5.71719147291623,30,,2024-07-23T07:00:00Z,6.69164770453313,281.336307034549,140.668153517274,,,0
e202f6d2-9a72-48bc-b3fe-dc6a2e024a52,47a1b1b0-53ab-421c-8b46-68fb79e316ab,30,39.8807304799093,43.6918060006457,,0,,0,,0,1,10.02,1,10.02,,,,,,,,89,87.6,15,,15,WH,3,162,39.8807304799093,180,,2024-07-23T07:00:00Z,44.40555760018,1783.17084613234,891.585423066171,,,0
e202f6d2-9a72-48bc-b3fe-dc6a2e024a52,1dfbdd5e-0346-47f9-a309-5f4b8f761d9e,31,,1.08363345429433,,0,,0,,0,1,40.07,1,40.07,,,,,,,,23,26.4,4,,4,GF,2,,,,,2024-07-23T07:00:00Z,,33.0349141165481,16.517457058274,,,0
e202f6d2-9a72-48bc-b3fe-dc6a2e024a52,e526d7cd-a31f-4fdd-b8e6-a5105f135896,32,,1.81627804267205,,0,,0,,0,1,40.07,1,40.07,77,77,77,23.2,,,101,11,101,2.5,,2.5,GF,2,,,,,2024-07-23T07:00:00Z,,10.2912909640532,5.14564548202659,,,0
e202f6d2-9a72-48bc-b3fe-dc6a2e024a52,2dd67127-69f1-4818-b544-ec85e24ebd20,33,,,,0,,0,,0,1,253.21,1,253.21,,,,,,,,5,5,1,,1,GF,1,,,,,2024-07-23T07:00:00Z,,1.05930621324041,0.529653106620205,,,0
e63f3dcd-6077-44de-8042-e1688002f256,1c30f830-db3e-4679-9441-0179fbe5ebcd,1,8.20362971098598,9.93924486215757,,0,,0,,0,1,10.02,1,10.02,88,88,88,5,,,43,60,43,10.3,,10.3,AF,3,27,8.20362971098598,30,,2022-09-28T20:20:01Z,9.91702529737433,296.481922561173,148.240961280587,244,19.4,1
e63f3dcd-6077-44de-8042-e1688002f256,b16006f6-3a1d-4d42-ae2b-7a77db807b6e,2,2.8993921758341,4.10259763157937,,0,,0,,0,1,10.02,1,10.02,94,94,94,2,,,35,47,35,7,,7,ES,3,9,2.8993921758341,10,,2022-09-28T19:58:08Z,3.32138725544559,108.894187015784,54.4470935078919,,,0
e63f3dcd-6077-44de-8042-e1688002f256,bd7ceaa4-a71a-42a1-9781-695e7618eedc,3,1.30985434248149,2.1096321217379,,0,,0,,0,1,10.02,1,10.02,56,56,56,12,,,27,31,27,6,,6,WO,3,9,1.30985434248149,10,,2022-09-28T19:55:50Z,1.84616711411471,79.7913513949826,39.8956756974913,,,0
e63f3dcd-6077-44de-8042-e1688002f256,32c9eed8-76bd-4b81-b589-848ef8e2cb4e,4,1.24324158609701,2.02450748390529,,0,,0,,0,1,10.02,1,10.02,54,54,54,12,,,26,31,26,6,,6,WO,3,9,1.24324158609701,10,,2022-09-28T19:56:01Z,1.79621285880357,77.6323282444065,38.8161641222032,,,0
e63f3dcd-6077-44de-8042-e1688002f256,781b861a-846e-4101-9fc2-c5143221b26d,5,2.5502159719214,3.88462169572878,,0,,0,,0,1,10.02,1,10.02,92,92,92,3,,,39,43,39,6.4,,6.4,ES,3,9,2.5502159719214,10,,2022-09-28T19:57:39Z,2.93429366363684,97.0702280602157,48.5351140301078,,,0
e63f3dcd-6077-44de-8042-e1688002f256,93392f55-cb3f-4147-b294-cf1936986760,6,2.57205679147263,3.9445276683571,,0,,0,2,80,1,10.02,1,10.02,90,90,90,4,,,40,42,40,6.4,,6.4,AF,3,9,2.57205679147263,10,,2022-09-28T20:01:18Z,3.08265422368178,95.8877354308408,47.9438677154204,,,0
e63f3dcd-6077-44de-8042-e1688002f256,cdad7df4-50bf-46ca-890b-61a318e536b4,7,5.9428166238598,8.54432860580215,,0,,0,,0,1,10.02,1,10.02,92,92,92,3,,,39,59,39,10,,10,AF,3,18,5.9428166238598,20,,2022-09-28T20:24:29Z,8.46493147174994,253.564462502999,126.782231251499,154,28.5,1
e63f3dcd-6077-44de-8042-e1688002f256,de0e8400-c110-4a52-b921-b499893ca669,8,0,0.222405448663735,,0,,0,,0,1,40.07,1,40.07,94,94,94,1,,,18,9,18,2,,2,AF,2,0,0,0,,2022-09-28T20:04:54Z,,5.91558025704349,2.95779012852175,,,0
e63f3dcd-6077-44de-8042-e1688002f256,3601416d-18c2-4498-896c-24ef95d257af,9,0,1.06054044392515,,0,,0,,0,1,40.07,1,40.07,88,88,88,3,,,25,25,25,4,,4,AF,2,0,0,0,,2022-09-28T20:05:49Z,,33.0349141165481,16.517457058274,,,0
e63f3dcd-6077-44de-8042-e1688002f256,63c80f69-4a47-43f1-8ee5-9f5320056f40,10,0,0.987861194638818,,0,,0,,0,1,40.07,1,40.07,96,96,96,1,,,23,25,23,4,,4,AF,2,0,0,0,,2022-09-28T20:06:33Z,,33.0349141165481,16.517457058274,,,0
e63f3dcd-6077-44de-8042-e1688002f256,11d7fe7e-d3f2-436e-a43d-736c8d2fdf9a,11,0,0.44283105275366,,0,,0,,0,1,40.07,1,40.07,41,41,41,13,,,22,18,22,3,,3,WL,2,0,0,0,,2022-09-28T20:07:31Z,,22.6756728381446,11.3378364190723,,,0
e63f3dcd-6077-44de-8042-e1688002f256,ff39b9eb-e027-471c-bd2f-687156ee5f17,12,0,0.186969499785835,,0,,0,,0,1,40.07,1,40.07,93,93,93,1,,,15,8,15,2,,2,ES,2,0,0,0,,2022-09-28T20:07:52Z,,5.40791550371749,2.70395775185875,,,0
e63f3dcd-6077-44de-8042-e1688002f256,7db7218f-c381-4b76-845d-f82e54ffb5b7,13,0,1.02343433918952,,0,,0,,0,1,40.07,1,40.07,88,87,88,3,,,24,25,24,4,,4,AF,2,0,0,0,,2022-09-28T20:12:12Z,,33.0349141165481,16.517457058274,,,0
e63f3dcd-6077-44de-8042-e1688002f256,ee2d5f02-a5a2-4867-8d0b-ce8b25b368f0,14,0,0.197424606840938,,0,,0,,0,1,40.07,1,40.07,94,94,94,1,,,17,8,17,2,,2,ES,2,0,0,0,,2022-09-28T20:12:44Z,,5.40791550371749,2.70395775185875,,,0
e63f3dcd-6077-44de-8042-e1688002f256,ad065f2c-788b-468e-9c2e-e2e7ced43cd7,15,0,1.03217025307781,,0,,0,,0,1,40.07,1,40.07,64,64,64,9,,,25,24,25,4,,4,ES,2,0,0,0,,2022-09-28T20:13:12Z,,27.234672438191,13.6173362190955,,,0
e63f3dcd-6077-44de-8042-e1688002f256,d8b666af-7a39-4e7b-81e8-939c767df42f,16,0,0.466337374039934,,0,,0,,0,1,40.07,1,40.07,89,89,89,2,,,18,15,18,3,,3,ES,2,0,0,0,,2022-09-28T20:13:43Z,,13.9228306558528,6.9614153279264,,,0
e63f3dcd-6077-44de-8042-e1688002f256,c4adf1ee-5694-4def-b213-563ad0906a40,17,0,0,,0,,0,,0,1,253.21,1,253.21,92,92,92,0.5,,,6,4.5,1,0,,0,AF,1,0,0,0,,2022-09-28T20:23:35Z,,,,,,0
e63f3dcd-6077-44de-8042-e1688002f256,77312afe-c557-4358-b5ed-6b66b4276fc9,18,0,0,,0,,0,,0,1,253.21,1,253.21,75,75,75,0.5,,,2,4.5,1,0,,0,DF,1,0,0,0,,2022-09-28T20:23:44Z,,,,,,0
e63f3dcd-6077-44de-8042-e1688002f256,c2930af9-7dd0-42ec-8371-28d1bd61262b,19,0,0,,0,,0,,0,1,253.21,1,253.21,93,93,93,0.5,,,7,4.5,1,0,,0,ES,1,0,0,0,,2022-09-28T20:23:59Z,,,,,,0
eabee4ae-71d5-4d44-ae81-95c029fe51fe,13a7dff0-c1b2-4fd5-b3fe-00840b197412,1,15.5054502238904,17.4967198737871,,0,,0,,0,1,10.02,1,10.02,45,45,45,46,,,84,58,84,9.9,,9.9,DF,3,72,15.5054502238904,80,,2022-07-28T18:20:52Z,15.9370662732214,690.479637377904,345.239818688952,,,0
eabee4ae-71d5-4d44-ae81-95c029fe51fe,e702dbbb-10f6-41f0-9a68-57536cfbce46,2,18.2997009888731,20.2962988290237,,0,,0,1,99,0,10.02,1,10.02,100,0,100,0,,,79,67,79,10,,10,LP,3,81,18.2997009888731,90,,2022-07-28T18:21:32Z,18.1313529456417,617.45490425847,308.727452129235,,,0
eabee4ae-71d5-4d44-ae81-95c029fe51fe,3ed786c6-58bb-4bb8-9c25-b74b5eb2655c,3,4.79510971308214,6.00510837964202,,0,,0,,0,1,10.02,1,10.02,59,59,59,18,,,44,50,44,8.1,,8.1,DF,3,27,4.79510971308214,30,,2022-07-28T18:23:25Z,5.19799545238945,228.619663919115,114.309831959558,,,0
eabee4ae-71d5-4d44-ae81-95c029fe51fe,db3a569f-b271-4e72-829d-e2bbcf95f721,4,4.95634226442476,6.14154740241561,,0,,0,3,99,0,10.02,1,10.02,100,0,100,0,,,44,58,44,7.5,,7.5,LP,3,27,4.95634226442476,30,,2022-07-28T18:24:18Z,5.14798626565867,179.273705966229,89.6368529831146,,,0
eabee4ae-71d5-4d44-ae81-95c029fe51fe,50f0b866-fe38-4e57-b8c8-5c5bd2b50213,5,10.3916346346405,12.1439915537836,,0,,0,,0,1,10.02,1,10.02,24,24,24,55,,,72,60,72,8,,8,LP,3,45,10.3916346346405,50,,2022-07-28T18:52:02Z,10.1976638425259,353.145979319936,176.572989659968,262,11,1
eabee4ae-71d5-4d44-ae81-95c029fe51fe,665bb451-6d1b-44ab-bdc5-b258f1fd17c7,6,1.99270526581382,2.84164029697199,,0,,0,4,99,0,10.02,1,10.02,100,0,100,0,,,22,56,22,7.1,,7.1,LP,3,9,1.99270526581382,10,,2022-07-28T18:25:47Z,2.12450179683443,74.357123877163,37.1785619385815,,,0
eabee4ae-71d5-4d44-ae81-95c029fe51fe,88d3fdcb-3ee8-43f9-9334-9cb2616ecc70,7,16.8819919641107,19.1349814212264,,0,,0,1,80,1,10.02,1,10.02,26,26,26,67,,,90,64,90,9,,9,LP,3,72,16.8819919641107,80,,2022-07-28T18:26:31Z,16.7966815483383,576.280238121685,288.140119060842,,,0
eabee4ae-71d5-4d44-ae81-95c029fe51fe,ce4cce4c-9eb0-4072-bebf-37255e607bae,8,5.0518327136965,6.40646008228081,,0,,0,3,99,0,10.02,1,10.02,100,0,100,0,,,56,53,56,6.6,,6.6,LP,3,27,5.0518327136965,30,,2022-07-28T18:29:58Z,4.85600948712348,171.178855072539,85.5894275362697,,,0
eabee4ae-71d5-4d44-ae81-95c029fe51fe,1b9fd9cd-01fb-468a-94ec-61b9bd043869,9,10.7889191487891,12.5213138525151,,0,,0,,0,1,10.02,1,10.02,38,38,38,44,,,71,61,71,8.2,,8.2,LP,3,45,10.7889191487891,50,,2022-07-28T18:31:16Z,10.6144843537492,366.830111689014,183.415055844507,,,0
eabee4ae-71d5-4d44-ae81-95c029fe51fe,b946893a-779f-4f12-9786-421553ad89ef,10,8.78114628115311,10.2278247202056,,0,,0,1,1,1,10.02,1,10.02,30,30,30,44,,,63,60,63,7.9,,7.9,LP,3,45,8.78114628115311,50,,2022-07-28T18:32:30Z,8.57364083719192,297.220969438953,148.610484719476,,,0
eabee4ae-71d5-4d44-ae81-95c029fe51fe,f3580a56-07d0-43d3-88ca-1781a9b274db,11,4.846845757981,6.18252098232484,,0,,0,,0,1,10.02,1,10.02,68,68,68,18,,,57,44,57,7,,7,DF,3,27,4.846845757981,30,,2022-07-28T18:32:20Z,4.90034490745436,218.348912364641,109.17445618232,,,0
eabee4ae-71d5-4d44-ae81-95c029fe51fe,40176107-5e39-4505-be30-e8353880219e,12,4.22327531604704,5.40435233708283,,0,,0,,0,1,10.02,1,10.02,57,57,57,20,,,46,46,46,7.4,,7.4,DF,3,27,4.22327531604704,30,,2022-07-28T18:56:12Z,4.44134389997521,196.875367668829,98.4376838344147,16,10.1,1
eabee4ae-71d5-4d44-ae81-95c029fe51fe,f6843f1f-dfa5-497a-8615-9e74ceb4217e,13,9.99030301785552,11.7596648504987,,0,2,99,1,80,0,10.02,1,10.02,100,0,100,0,,,73,59,73,7.8,,7.8,LP,3,45,9.99030301785552,50,,2022-07-28T18:34:47Z,9.77239802227717,339.14677587731,169.573387938655,,,0
eabee4ae-71d5-4d44-ae81-95c029fe51fe,84376401-c0cf-4cd8-9509-99e2aa78464a,14,10.4792955414518,12.3276139723253,,0,,0,,0,1,10.02,1,10.02,27,27,27,53,,,73,60,73,8,,8,LP,3,45,10.4792955414518,50,,2022-07-28T18:35:54Z,10.3515375265624,358.474638283377,179.237319141688,,,0
eabee4ae-71d5-4d44-ae81-95c029fe51fe,6b52b018-1e28-4141-863c-5e57690fa73b,15,33.8024857965774,37.9006431219774,,0,,0,,0,1,10.02,1,10.02,34,34,34,61,,,92,92,92,14.6,,14.6,WL,3,144,33.8024857965774,160,,2022-07-28T18:52:41Z,36.1644950423859,1533.27626435644,766.638132178218,,,0
eabee4ae-71d5-4d44-ae81-95c029fe51fe,2619095a-5ad3-437b-a1ec-531d17863901,16,5.53383403394948,7.32646492395937,,0,,0,4,98,1,10.02,1,10.02,33,33,33,40,,,60,54,60,6.8,,6.8,LP,3,27,5.53383403394948,30,,2022-07-28T18:37:46Z,5.66139170397506,198.974310552622,99.4871552763109,,,0
eabee4ae-71d5-4d44-ae81-95c029fe51fe,045c5be3-0b99-4c6c-a79d-718846a4deae,17,11.430999357518,13.1763346593416,,0,,0,,0,1,10.02,1,10.02,31,31,31,48,,,70,62,70,8.5,,8.5,LP,3,54,11.430999357518,60,,2022-07-28T18:39:23Z,11.310975439541,389.774243436608,194.887121718304,,,0
eabee4ae-71d5-4d44-ae81-95c029fe51fe,1ce8998a-ec14-4690-afdf-dac447ae5e91,18,0,2.25585335769885,,0,,0,3,99,0,10.02,1,10.02,100,0,100,0,,,27,48,27,5.8,,5.8,LP,3,0,0,0,,2022-07-28T18:40:27Z,1.50466050311484,53.7885155822381,26.894257791119,,,0
eabee4ae-71d5-4d44-ae81-95c029fe51fe,6a0816a6-d612-44f5-9025-22e9fcb82595,19,7.40874479419798,8.83516608426242,,0,,0,2,80,1,10.02,1,10.02,17,17,17,55,,,66,56,66,7.1,,7.1,LP,3,36,7.40874479419798,40,,2022-07-28T18:40:59Z,7.0032882463229,245.113641445367,122.556820722683,,,0
eabee4ae-71d5-4d44-ae81-95c029fe51fe,c71d8b68-f142-40b1-8a4d-aa0edf997544,20,6.99149565773072,8.78044091780575,,0,,0,,0,1,10.02,1,10.02,46,46,46,31,,,57,52,57,8.5,,8.5,DF,3,27,6.99149565773072,30,,2022-07-28T18:42:22Z,7.64070856996537,334.749585700905,167.374792850452,,,0
eabee4ae-71d5-4d44-ae81-95c029fe51fe,0eb1c6f1-f864-49e3-9162-d1f8f36cc742,21,0,0.168470086486703,,0,,0,,0,1,40.07,1,40.07,29,29,29,10,,,14,9,14,2,,2,DF,2,0,0,0,,2022-07-28T18:44:19Z,,6.6094718663406,3.3047359331703,,,0
eabee4ae-71d5-4d44-ae81-95c029fe51fe,33d327fc-b277-4043-b7aa-29ba1908f1a8,22,0,0,,0,,0,,0,1,1012.84,4,253.21,83,83,83,0.5,,,3,4.5,1,0,,0,MA,1,0,0,0,,2022-07-28T18:47:53Z,,,,,,0
eabee4ae-71d5-4d44-ae81-95c029fe51fe,36d8ec6a-c6d1-44b3-8f2d-da8b8dc7b22a,23,0,0,,0,,0,,0,1,759.63,3,253.21,88,87,88,0.5,,,4,4.5,1,0,,0,MA,1,0,0,0,,2022-07-28T18:49:00Z,,,,,,0
eabee4ae-71d5-4d44-ae81-95c029fe51fe,a7e230f9-aca7-4fb0-b56a-bd4d22a7896a,24,0,0,,0,,0,,0,1,1772.47,7,253.21,88,87,88,0.5,,,4,4.5,1,0,,0,MA,1,0,0,0,,2022-07-28T18:50:56Z,,,,,,0
f654600a-8687-4aea-ab84-2b46a9eda754,596e65a0-d3eb-4b7d-a29b-e38367860ac4,1,0,0.102120647412133,,0,,0,,0,1,506.42,2,253.21,100,100,100,0,,,10,5,10,1.4,,1.4,DF,1,0,0,0,,2023-12-07T07:00:00Z,,2.76480062577813,1.38240031288906,,,0
f654600a-8687-4aea-ab84-2b46a9eda754,b69d37c4-6ba1-405f-9b97-2f46a61bcf8d,2,0,0.12668541157897,,0,,0,,0,1,253.21,1,253.21,100,100,100,0,,,9,6,9,1.5,,1.5,WH,1,0,0,0,,2023-12-07T07:00:00Z,,3.22783523574386,1.61391761787193,,,0
f654600a-8687-4aea-ab84-2b46a9eda754,0c75467c-4967-4ab4-8a84-54b26ea637ef,3,0,0,,0,,0,,0,1,1772.47,7,253.21,100,100,100,0,,,6,4.5,1,0,,0,WH,1,0,0,0,,2023-12-07T07:00:00Z,,,,,,0
f654600a-8687-4aea-ab84-2b46a9eda754,39104b59-bd51-4052-bcf2-2a41cffa1578,4,0,0,,0,,0,,0,1,253.21,1,253.21,100,100,100,0,,,8,4.5,1,0,,0,WH,1,0,0,0,,2023-12-07T07:00:00Z,,,,,,0
f654600a-8687-4aea-ab84-2b46a9eda754,9daa5507-664b-4e75-b004-5aae596d4ba5,5,0,0,,0,,0,,0,1,253.21,1,253.21,100,100,100,0,,,4,4.5,1,0,,0,WH,1,0,0,0,,2023-12-07T07:00:00Z,,,,,,0
f654600a-8687-4aea-ab84-2b46a9eda754,6073cb68-19fd-4af3-91be-ac9940c541ac,6,0,0,,0,,0,,0,1,253.21,1,253.21,100,100,100,0,,,1,4.5,1,0,,0,NF,1,0,0,0,,2023-12-07T07:00:00Z,,,,,,0
f654600a-8687-4aea-ab84-2b46a9eda754,43c9f424-25d2-431b-b20f-46f1e1ef6e16,7,0,0,,0,,0,,0,1,506.42,2,253.21,75,75,75,2,,,8,4.5,1,0,,0,CA,1,0,0,0,,2023-12-07T07:00:00Z,,,,,,0
f654600a-8687-4aea-ab84-2b46a9eda754,9cf07c90-4c0d-41d6-a6d9-1b56cef09682,8,0,0.0650607921750832,,0,,0,,0,1,253.21,1,253.21,100,100,100,0,,,8,5,8,1,,1,WH,1,0,0,0,,2023-12-07T07:00:00Z,,1.18020787431332,0.59010393715666,,,0
f654600a-8687-4aea-ab84-2b46a9eda754,9e75ac61-234d-4782-80a7-3da9c8af7dc0,9,0,3.16724488431549,,0,,0,,0,1,10.02,1,10.02,100,100,100,0,,,28,43,28,6.4,,6.4,WH,3,0,0,0,,2023-12-07T07:00:00Z,2.04628472825112,87.2576422125917,43.6288211062958,,,0
f654600a-8687-4aea-ab84-2b46a9eda754,253eec6e-23d2-4cb9-b81f-798f99321657,10,0,0.65107837801845,,0,,0,,0,1,40.07,1,40.07,100,100,100,0,,,18,17,18,3.5,,3.5,DF,2,0,0,0,,2023-12-07T07:00:00Z,,25.9435994353762,12.9717997176881,,,0
f654600a-8687-4aea-ab84-2b46a9eda754,de736427-00cc-442c-a47e-7f611590be63,11,0,0.322322906009813,,0,,0,,0,1,40.07,1,40.07,100,100,100,0,,,13,13,13,2.6,,2.6,WH,2,0,0,0,,2023-12-07T07:00:00Z,,12.63785515639,6.31892757819502,,,0
f654600a-8687-4aea-ab84-2b46a9eda754,d34ccc8b-f2c5-44d1-8d38-81a74207798a,12,0,2.68814268261612,,0,,0,,0,1,10.02,1,10.02,96,96,96,1,,,27,39,27,6.4,,6.4,DF,3,0,0,0,,2023-12-07T07:00:00Z,1.78632478649536,80.3123069195662,40.1561534597831,77,21,1
f654600a-8687-4aea-ab84-2b46a9eda754,7ae48fb6-0206-4699-93d5-be7d02c9e431,13,0,0,,0,,0,,0,1,506.42,2,253.21,100,100,100,0,,,2,4.5,1,0,,0,WH,1,0,0,0,,2023-12-07T07:00:00Z,,,,,,0
f654600a-8687-4aea-ab84-2b46a9eda754,4f61b289-c759-4daa-86a5-cc11ab6548ec,14,0,1.93918395692828,,0,,0,,0,1,10.02,1,10.02,100,100,100,0,,,26,32,26,5.5,,5.5,DF,3,0,0,0,,2023-12-07T07:00:00Z,1.05672153716593,48.3304207915583,24.1652103957792,,26,1
f654600a-8687-4aea-ab84-2b46a9eda754,d0407769-8627-47f9-ab4e-973ba5e88aa5,15,0,2.23489803036098,,0,,0,,0,1,10.02,1,10.02,,100,100,,,,,34,28.9,5.7,,5.7,DF,3,0,0,0,,2023-12-07T07:00:00Z,1.36158374065811,62.008132680323,31.0040663401615,,,0
f654600a-8687-4aea-ab84-2b46a9eda754,f5c0c0bd-3bea-457c-a9af-6201649488b7,16,0,1.99651273466596,,0,,0,,0,1,10.02,1,10.02,,95,95,,,,,32,27.2,5.5,,5.5,DF,3,0,0,0,,2023-12-07T07:00:00Z,1.1159935194454,51.0412956473879,25.520647823694,,,0
f654600a-8687-4aea-ab84-2b46a9eda754,315fe8e5-43c2-4d26-95cf-aa71b49955ab,17,0,0.374370942170576,,0,,0,,0,1,40.07,1,40.07,100,100,100,0,,,13,14,13,2.8,,2.8,WH,2,0,0,0,,2023-12-07T07:00:00Z,,15.1892540802563,7.59462704012813,,,0
f654600a-8687-4aea-ab84-2b46a9eda754,c880021a-1362-4fda-a8a1-fec8e60f0b67,18,0,2.57938743826524,,0,,0,,0,1,10.02,1,10.02,,100,100,,,,,36,30.6,6,,6,DF,3,0,0,0,,2023-12-07T07:00:00Z,1.71995232481285,77.8697587268473,38.9348793634237,,,0
f654600a-8687-4aea-ab84-2b46a9eda754,83c7ae0d-89fd-47d4-ae38-16103438ea98,19,0,3.0308329590489,,0,,0,,0,1,10.02,1,10.02,,100,100,,,,32,39,32,6.4,,6.4,DF,3,0,0,0,,2023-12-07T07:00:00Z,2.1898158406652,98.4530714808443,49.2265357404222,,,0
f654600a-8687-4aea-ab84-2b46a9eda754,2d4b2148-e65b-44f2-a95e-cc0fa95c25f6,20,0,2.44653359910063,,0,,0,,0,1,10.02,1,10.02,,100,100,,,,,35,29.8,5.9,,5.9,DF,3,0,0,0,,2023-12-07T07:00:00Z,1.58133260585207,71.7294448354163,35.8647224177082,,,0
f654600a-8687-4aea-ab84-2b46a9eda754,256c71ac-4fd3-4cd2-a50e-565ffe8afc9c,21,0,3.54076448635062,,0,,0,,0,1,10.02,1,10.02,100,100,100,0,,,30,45,30,7.1,,7.1,DF,3,0,0,0,,2023-12-07T07:00:00Z,2.65742077550555,118.249453223756,59.1247266118781,,,0
