PAU_N,UNIT_ID,RIPARIAN,PLOT_ID,TREE_ID,LAST_MODIFIED,PLOT_TYPE,TREE_N,TS,CNT,RESIDUAL_TREE,SPECIES,DBH_M,DBH_E,DBH,CR_M,CR_E,CR,SEG1_DEF,TOP_DEF,HT_M,HT_E,HT,HLC_M,HLC_E,HLC,CORE_GROWTH,CORE_AGE,DC1,DS1,DECAY_CLASS,TREE_ACRE,XFAC,CFVOL_MERCH_GROSS,CFVOL_TOTAL,BFVOL_NET,CFVOL_MERCH_NET,BFVOL_GROSS,CFVOL_GROSS_FIA,BIOMASS_ABOVEGROUND_LBS_FIA,CARBON_ABOVEGROUND_LBS_FIA,NOTE,LAND_CL
14513614,9a5dc8b4-d9f7-4fbf-80cc-b9c4ef42f5ea,N,419c4fda-e160-42b4-8cef-b0b3095d2a86,6103fd2b-b848-4a97-b935-21210dc573c6,2023-06-05T01:00:00Z,2,1,1,1,N,DF,20.3,,20.3,20,,20,0,0,111,,111,70,,70,,,,,,24.2265002541222,24.2265002541222,80.6,91.5,324,80.6,360,86.9100257779088,3636.96084558798,1818.48042279399,,UPLANDS
14513614,9a5dc8b4-d9f7-4fbf-80cc-b9c4ef42f5ea,N,419c4fda-e160-42b4-8cef-b0b3095d2a86,acd46d8f-1dd9-4222-859f-18a4b3316ce1,2023-06-05T01:00:00Z,2,2,0,1,N,DF,6.7,,6.7,,,,,,12,,12,,,,,,,,4,222.399164395661,222.399164395661,0,2.5,0,0,0,0.722357791337296,32.3249771251809,16.1624885625904,,UPLANDS
14513614,9a5dc8b4-d9f7-4fbf-80cc-b9c4ef42f5ea,N,419c4fda-e160-42b4-8cef-b0b3095d2a86,a9a7a3cd-c294-49c2-a202-7dcafea50af0,2023-06-05T01:00:00Z,2,3,1,1,N,DF,22.9,,22.9,40,,40,0,0,117,,117,57,,57,,,,,,19.0375822156732,19.0375822156732,105.4,119.7,459,105.4,510,112.807798278418,4703.03385206697,2351.51692603349,,UPLANDS
14513614,9a5dc8b4-d9f7-4fbf-80cc-b9c4ef42f5ea,N,419c4fda-e160-42b4-8cef-b0b3095d2a86,99453a31-8436-400b-a7d6-6246135bcd1c,2023-06-05T01:00:00Z,2,4,1,1,N,DF,14.4,,14.4,20,,20,0,0,,89.1470647661542,89.1470647661542,,,,,,,,,48.1457295993499,48.1457295993499,34.1,38.9,135,34.1,150,37.8013276639434,1603.45268516037,801.726342580186,,UPLANDS
14513614,9a5dc8b4-d9f7-4fbf-80cc-b9c4ef42f5ea,N,419c4fda-e160-42b4-8cef-b0b3095d2a86,90749b84-ffcc-484b-ae28-761a06eb0f3b,2023-06-05T01:00:00Z,2,5,1,1,N,DF,17.1,,17.1,30,,30,0,0,,101.560023722048,101.560023722048,,,,,,,,,34.1421240372121,34.1421240372121,52.9,61.3,198,52.9,220,58.8139983383719,2476.48331898969,1238.24165949485,,UPLANDS
14513614,9a5dc8b4-d9f7-4fbf-80cc-b9c4ef42f5ea,N,419c4fda-e160-42b4-8cef-b0b3095d2a86,43b26fab-1a6c-438d-ad82-f41e3631a16d,2023-06-05T01:00:00Z,2,6,1,1,N,WH,14.9,,14.9,50,,50,0,0,,91.1301963896346,91.1301963896346,,,,,,,,,44.9686883010729,44.9686883010729,41.1,46.7,153,41.1,170,45.7831507012431,1839.04199758384,919.52099879192,,UPLANDS
14513614,9a5dc8b4-d9f7-4fbf-80cc-b9c4ef42f5ea,N,419c4fda-e160-42b4-8cef-b0b3095d2a86,9248b6d4-1385-47b8-894d-23264742048f,2023-06-05T01:00:00Z,2,7,1,1,N,DF,16,,16,30,,30,0,0,,96.7162269820769,96.7162269820769,,,,,,,,,38.9980409754735,38.9980409754735,45.2,51.5,171,45.2,190,49.7041263273752,2098.54592443559,1049.2729622178,,UPLANDS
17418648,b0ffefce-8ca1-44c6-835a-e8562a5e762f,N,a868e7cd-657c-4721-b95c-a36aa903eca4,e695295f-a950-41af-b85f-f083c0822ced,2022-12-21T00:00:00Z,2,1,1,1,N,DF,17.4,,17.4,30,,30,0,0,151,,151,98,,98,,,,,,24.2240280750672,24.2240280750672,89.5,98.8,378,89.5,420,90.7958945769208,3820.56113527447,1910.28056763724,,UPLANDS
17418648,b0ffefce-8ca1-44c6-835a-e8562a5e762f,N,a868e7cd-657c-4721-b95c-a36aa903eca4,74793d2c-b38e-4b5a-9843-a03c91e9f7c3,2022-12-21T00:00:00Z,2,2,1,1,N,DF,27,,27,40,,40,0,0,164,,164,115,,115,,,,,,10.0604482030279,10.0604482030279,202.9,227.4,1062,202.9,1180,209.721497438319,8704.6137910185,4352.30689550925,,UPLANDS
17418648,b0ffefce-8ca1-44c6-835a-e8562a5e762f,N,a868e7cd-657c-4721-b95c-a36aa903eca4,0d4993a4-9552-4793-8573-0ec6caeb786d,2022-12-21T00:00:00Z,2,3,1,1,N,DF,11.6,,11.6,20,,20,0,0,,74.176677762366,74.176677762366,,,,,,,,,54.5040631689011,54.5040631689011,18.2,21.3,72,18.2,80,20.8757809288881,895.51799519599,447.758997597995,,UPLANDS
17418648,b0ffefce-8ca1-44c6-835a-e8562a5e762f,N,a868e7cd-657c-4721-b95c-a36aa903eca4,ab511f45-eea3-4ce0-bd0c-c0330c0e2164,2022-12-21T00:00:00Z,2,4,1,1,N,DF,15.6,,15.6,30,,30,0,0,,94.88441245239,94.88441245239,,,,,,,,,30.1366976496028,30.1366976496028,42.5,48.2,171,42.5,190,46.5779320164283,1968.67086003057,984.335430015283,,UPLANDS
17418648,b0ffefce-8ca1-44c6-835a-e8562a5e762f,N,a868e7cd-657c-4721-b95c-a36aa903eca4,be834230-218c-4937-b2f9-bd8cc8c0cb08,2022-12-21T00:00:00Z,2,5,1,1,N,DF,20.8,,20.8,30,,30,0,0,,116.025436530999,116.025436530999,,,,,,,,,16.9518924279016,16.9518924279016,89.2,100.8,396,89.2,440,94.8700411625506,3966.91401035523,1983.45700517761,,UPLANDS
17418648,b0ffefce-8ca1-44c6-835a-e8562a5e762f,N,a868e7cd-657c-4721-b95c-a36aa903eca4,f77b8617-ed62-41ae-920c-90fafd6e46cc,2022-12-21T00:00:00Z,2,6,1,1,N,DF,18.5,,18.5,40,,40,20,0,,107.343709824949,107.343709824949,,,,,,80,1,,21.4289751351566,21.4289751351566,63.4,75.1,252,63.4,280,71.4849879164819,3001.09781606483,1500.54890803242,,UPLANDS
17418648,b0ffefce-8ca1-44c6-835a-e8562a5e762f,N,a868e7cd-657c-4721-b95c-a36aa903eca4,d80ca081-22b1-4e2e-a513-e0387c22c814,2022-12-21T00:00:00Z,2,7,0,1,N,DF,13,,13,,,,,,30,,30,,,,,,,,2,43.396844615428,43.396844615428,8.2,11.5,18,8.2,20,9.12694646525959,389.09269253843,194.546346269215,,UPLANDS
34211668,29f33ac9-3dd6-4972-88a8-8de6b1692423,N,c566b3d4-b88b-4ece-91c9-aee706cbb59a,b5abde3e-e02d-49e3-aff7-d5818360ca1b,2023-05-02T01:00:00Z,2,1,1,1,N,WH,6.4,,6.4,80,,80,0,0,43,,43,11,,11,,,,,,179.05436376971,179.05436376971,2.2,4.2,9,2.2,10,3.26089222938992,139.050916774963,69.5254583874817,,UPLANDS
34211668,29f33ac9-3dd6-4972-88a8-8de6b1692423,N,c566b3d4-b88b-4ece-91c9-aee706cbb59a,4ee1fc9d-8556-469a-9440-44d62ce67486,2023-05-02T01:00:00Z,2,2,1,1,N,DF,16.5,,16.5,40,,40,0,20,73,,73,40,,40,,,98,1,,26.9387208081077,26.9387208081077,32.4,38.5,90,32.4,100,38.8215666893793,1636.99485619621,818.497428098104,,UPLANDS
34211668,29f33ac9-3dd6-4972-88a8-8de6b1692423,N,c566b3d4-b88b-4ece-91c9-aee706cbb59a,0864ebc4-e925-4745-a86d-e0649b75a347,2023-05-02T01:00:00Z,2,3,1,1,N,DF,15.7,,15.7,40,,40,15,10,75,,75,45,,45,,,80,1,,29.7540133068576,29.7540133068576,30.9,36.5,99,30.9,110,36.6304990762688,1547.80696812413,773.903484062065,Crook,UPLANDS
34211668,29f33ac9-3dd6-4972-88a8-8de6b1692423,N,c566b3d4-b88b-4ece-91c9-aee706cbb59a,6b1131df-dc69-4078-9ecb-58829232df6f,2023-05-02T01:00:00Z,2,4,1,1,N,NF,43.1,,43.1,60,,60,0,0,125,,125,50,,50,,,,,,3.94811975603455,3.94811975603455,333.9,411.6,1611,333.9,1790,455.591620237479,15059.9427369238,7529.97136846188,,UPLANDS
34211668,29f33ac9-3dd6-4972-88a8-8de6b1692423,N,c566b3d4-b88b-4ece-91c9-aee706cbb59a,fa1fb752-2f78-41d4-ab57-c1a06a5938ec,2023-05-02T01:00:00Z,2,5,1,1,N,WH,27.5,,27.5,80,,80,60,30,78,,78,15,,15,,,49,,,9.69793949091879,9.69793949091879,94.1,114.6,288,94.1,320,113.134892206801,4451.66635650277,2225.83317825138,Seam,UPLANDS
34211668,29f33ac9-3dd6-4972-88a8-8de6b1692423,N,c566b3d4-b88b-4ece-91c9-aee706cbb59a,5f50cec6-e6be-4ac2-89f2-0321c0dc0c25,2023-05-02T01:00:00Z,2,6,1,1,N,RA,13.5,,13.5,40,,40,0,0,62,,62,40,,40,,,,,,40.2417928121116,40.2417928121116,21.5,27.2,54,21.5,60,25.3132657762305,914.011079096875,457.005539548438,,UPLANDS
35341947,bf8613a6-9f3a-49ca-b549-3ccc531a38c9,Y,7e2f4e88-d6ed-4647-bb8e-428f104579e5,7073f856-b0cf-41f9-b8e7-ffe5001d27eb,2023-06-28T01:00:00Z,2,1,1,1,N,DF,14.9,,14.9,70,,70,15,15,67,,67,20,,20,0.400000005960465,68,80,1,,44.9686876709832,44.9686876709832,24.4,29.2,72,24.4,80,29.5110351795236,1249.84074958011,624.920374790053,,RIPARIAN
35341947,bf8613a6-9f3a-49ca-b549-3ccc531a38c9,Y,7e2f4e88-d6ed-4647-bb8e-428f104579e5,173e90bd-3585-4a28-ac92-b587c8d4cf10,2023-06-28T01:00:00Z,2,2,1,1,N,DF,26.2,,26.2,80,,80,0,0,121,,121,16,,16,,,,,,14.5438761579089,14.5438761579089,137,156.1,594,137,660,146.686111839561,6092.91517977815,3046.45758988908,,RIPARIAN
62933659,e9b904ba-d2c0-4dd1-a044-765f316361d0,Y,1c575270-8a88-46d1-afcd-2ff8a32aa958,f1002247-52a2-4a1c-9244-67f6f1289452,2022-12-21T00:00:00Z,2,1,1,1,N,DF,15.4,,15.4,50,,50,0,0,117,,117,57,,57,,,,,,42.0960463393278,42.0960463393278,54.3,60.5,234,54.3,260,56.5827733396498,2392.87311380688,1196.43655690344,,RIPARIAN
62933659,e9b904ba-d2c0-4dd1-a044-765f316361d0,Y,1c575270-8a88-46d1-afcd-2ff8a32aa958,59a31170-e9c2-4f29-a463-7e2dd26264e6,2022-12-21T00:00:00Z,2,2,1,1,N,RA,15.4,,15.4,40,,40,25,0,106,,106,58,,58,,,,,,42.0960463393278,42.0960463393278,53.3,59.6,189,53.3,210,58.3076227220982,2069.34276827864,1034.67138413932,,RIPARIAN
62933659,e9b904ba-d2c0-4dd1-a044-765f316361d0,Y,1c575270-8a88-46d1-afcd-2ff8a32aa958,4d481558-db8e-462a-9076-3c9e0f43b759,2022-12-21T00:00:00Z,2,3,1,1,N,DF,14.5,,14.5,40,,40,0,0,,89.639588250498,89.639588250498,,,,,,,,,47.4839398327467,47.4839398327467,34.8,39.6,135,34.8,150,38.4980684730882,1632.48244888149,816.241224440745,,RIPARIAN
62933659,e9b904ba-d2c0-4dd1-a044-765f316361d0,Y,1c575270-8a88-46d1-afcd-2ff8a32aa958,7526e856-cf08-467f-9b3b-478a6f01951f,2022-12-21T00:00:00Z,2,4,0,1,N,WH,13.9,,13.9,,,,,,43,,43,,,,,,,,2,51.6717475794989,51.6717475794989,14,19,27,14,30,17.7915500656349,716.978763128285,358.489381564142,,RIPARIAN
62933659,e9b904ba-d2c0-4dd1-a044-765f316361d0,Y,1c575270-8a88-46d1-afcd-2ff8a32aa958,7dfb3a8d-57e7-40c0-b9d1-38c7516464c1,2022-12-21T00:00:00Z,2,5,0,1,N,WH,27.4,,27.4,,,,,,65,,65,,,,,,,,2,13.2978559723946,13.2978559723946,74.8,97.3,171,74.8,190,92.2518727056897,3630.27820599159,1815.13910299579,,RIPARIAN
62933659,e9b904ba-d2c0-4dd1-a044-765f316361d0,Y,1c575270-8a88-46d1-afcd-2ff8a32aa958,6b22937f-2be8-4bd0-9303-7d5e5da20831,2022-12-21T00:00:00Z,2,6,1,1,N,WH,33.9,,33.9,70,,70,0,0,124,,124,42,,42,,,,,,8.68727069015671,8.68727069015671,224.6,264.4,1062,224.6,1180,262.213869742785,10270.24681981,5135.12340990499,,RIPARIAN
95137440,2ed34196-6f20-4a21-a045-57cba2eec942,N,6c7f8d3c-efd2-4707-90f8-510a2cdf86cd,0b4425e9-9ff1-4cef-900a-20329ef0e6d3,2023-05-02T01:00:00Z,2,1,1,1,N,DF,34.5,,34.5,30,,30,15,0,150,,150,103,,103,,,,,,8.38773240052191,8.38773240052191,277.8,316.8,1440,277.8,1600,288.735911620409,11919.5748364363,5959.78741821817,Fk,UPLANDS
95137440,2ed34196-6f20-4a21-a045-57cba2eec942,N,6c7f8d3c-efd2-4707-90f8-510a2cdf86cd,e6406b2f-9091-4907-807a-ed6a60d5577a,2023-05-02T01:00:00Z,2,2,1,1,N,WH,13.4,,13.4,30,,30,0,0,,84.6029386073467,84.6029386073467,,,,,,,,,55.5997910989151,55.5997910989151,31.2,35.5,108,31.2,120,34.6350787391815,1398.26870183328,699.134350916639,,UPLANDS
95137440,2ed34196-6f20-4a21-a045-57cba2eec942,N,6c7f8d3c-efd2-4707-90f8-510a2cdf86cd,4d7725c4-0607-486d-af78-1452c9b41c7c,2023-05-02T01:00:00Z,2,3,1,1,N,WH,23.9,,23.9,40,,40,0,0,137,,137,75,,75,0.800000011920929,60,,,,17.4778076184262,17.4778076184262,146.6,165.7,657,146.6,730,164.866712762228,6511.11332712637,3255.55666356318,,UPLANDS
95137440,2ed34196-6f20-4a21-a045-57cba2eec942,N,6c7f8d3c-efd2-4707-90f8-510a2cdf86cd,e6a9ac77-61e4-4e0e-811b-ae44b609c763,2023-05-02T01:00:00Z,2,4,1,1,N,WH,21.4,,21.4,40,,40,0,0,125,,125,72,,72,0.600000023841858,,,,,21.799935561449,21.799935561449,109.7,124.2,468,109.7,520,123.432877908566,4890.77298052627,2445.38649026313,,UPLANDS
95137440,2ed34196-6f20-4a21-a045-57cba2eec942,N,6c7f8d3c-efd2-4707-90f8-510a2cdf86cd,523c65b8-2cd9-4bf1-8688-505d7de8933f,2023-05-02T01:00:00Z,2,5,1,1,N,WH,19.2,,19.2,40,,40,0,0,,106.804939179019,106.804939179019,,,,,,,,,27.0819728996343,27.0819728996343,73.7,86.6,288,73.7,320,86.0325620043132,3421.13083439234,1710.56541719617,,UPLANDS
95137440,2ed34196-6f20-4a21-a045-57cba2eec942,N,6c7f8d3c-efd2-4707-90f8-510a2cdf86cd,d96e5df0-a17a-4087-9c68-52b220fbd149,2023-05-02T01:00:00Z,2,6,1,1,N,WH,21.6,,21.6,30,,30,50,30,,114.030474954873,114.030474954873,,,,,,98,4,,21.3981020441555,21.3981020441555,99.4,113.7,405,99.4,450,113.529928364821,4497.08331286136,2248.54165643068,,UPLANDS
95137440,2ed34196-6f20-4a21-a045-57cba2eec942,N,6c7f8d3c-efd2-4707-90f8-510a2cdf86cd,a8a4bc4b-8003-46a8-8828-7fe1fa6c7b5c,2023-05-02T01:00:00Z,2,7,1,1,N,WH,29.8,,29.8,30,,30,40,40,,133.220407316364,133.220407316364,,,,,,98,4,,11.2421720752682,11.2421720752682,200.1,231,963,200.1,1070,230.786708798943,9063.97882568508,4531.98941284254,,UPLANDS
95137440,2ed34196-6f20-4a21-a045-57cba2eec942,N,6c7f8d3c-efd2-4707-90f8-510a2cdf86cd,d819eed1-e730-44bd-a04c-bc0a8244965b,2023-05-02T01:00:00Z,1,8,1,10,N,WH,,,,,,,,,1,,1,,,,,,,,,3281.79376145939,328.179376145939,0,0,0,0,0,,,,,UPLANDS
128165279,8d3d6f47-8e0a-466b-a524-9a35ad1689e3,N,eaa0d9e7-04fe-4e69-b450-83dd41be314c,ce825526-f2aa-4133-9b82-5a693cf9ab45,2023-06-05T01:00:00Z,2,1,1,1,N,DF,24,,24,50,,50,0,0,131,,131,72,,72,,,,,,17.332462655766,17.332462655766,132.7,149.1,594,132.7,660,137.176238389094,5711.29544407808,2855.64772203904,,UPLANDS
128165279,8d3d6f47-8e0a-466b-a524-9a35ad1689e3,N,eaa0d9e7-04fe-4e69-b450-83dd41be314c,ad453e1a-01a3-4812-8cd9-3e784f1daf06,2023-06-05T01:00:00Z,2,2,1,1,N,DF,17.7,,17.7,30,,30,0,0,104,,104,72,,72,,,,,,31.8666363105149,31.8666363105149,57.3,67,207,57.3,230,64.0407291241625,2692.98170632189,1346.49085316094,,UPLANDS
128165279,8d3d6f47-8e0a-466b-a524-9a35ad1689e3,N,eaa0d9e7-04fe-4e69-b450-83dd41be314c,44a95e6e-4df9-467a-ae5e-fcc2f8bef203,2023-06-05T01:00:00Z,2,3,1,1,N,DF,17.3,,17.3,30,,30,0,0,,102.411520112799,102.411520112799,,,,,,,,,33.3572738471757,33.3572738471757,54.4,63.2,198,54.4,220,60.5506720624881,2548.45340764476,1274.22670382238,,UPLANDS
128165279,8d3d6f47-8e0a-466b-a524-9a35ad1689e3,N,eaa0d9e7-04fe-4e69-b450-83dd41be314c,517709ca-088f-4364-847d-bc44c0638239,2023-06-05T01:00:00Z,2,4,1,1,N,DF,19.7,,19.7,30,,30,0,0,,111.992277800488,111.992277800488,,,,,,,,,25.7246991412332,25.7246991412332,77.8,88,333,77.8,370,83.2918340131285,3489.0592410663,1744.52962053315,,UPLANDS
128165279,8d3d6f47-8e0a-466b-a524-9a35ad1689e3,N,eaa0d9e7-04fe-4e69-b450-83dd41be314c,1c715415-bee3-4143-be92-48ff43c8f043,2023-06-05T01:00:00Z,2,5,1,1,N,DF,20.2,,20.2,50,,50,0,0,,113.851434443756,113.851434443756,,,,,,,,,24.4669603218341,24.4669603218341,82.9,93.7,333,82.9,370,88.4657636832065,3702.67025113743,1851.33512556872,,UPLANDS
128165279,8d3d6f47-8e0a-466b-a524-9a35ad1689e3,N,eaa0d9e7-04fe-4e69-b450-83dd41be314c,90c765ac-800c-4102-af04-0308f376c1b4,2023-06-05T01:00:00Z,2,6,1,1,N,DF,20.8,,20.8,40,,40,0,0,,116.025436530999,116.025436530999,,,,,,,,,23.0757638908127,23.0757638908127,89.2,100.8,396,89.2,440,94.8700411625506,3966.91401035523,1983.45700517761,,UPLANDS
128165279,8d3d6f47-8e0a-466b-a524-9a35ad1689e3,N,eaa0d9e7-04fe-4e69-b450-83dd41be314c,b9a1f2ef-2d9f-4126-9542-6ac721b67973,2023-06-05T01:00:00Z,2,7,1,1,N,DF,16.1,,16.1,40,,40,0,0,,97.1681571586182,97.1681571586182,,,,,,,,,38.5150977574986,38.5150977574986,45.8,52.4,171,45.8,190,50.5012680190862,2131.64667076444,1065.82333538222,,UPLANDS
128165279,8d3d6f47-8e0a-466b-a524-9a35ad1689e3,N,eaa0d9e7-04fe-4e69-b450-83dd41be314c,44859bba-64ae-44f4-9125-f4610f015dd1,2023-06-05T01:00:00Z,2,8,1,1,N,DF,18.4,,18.4,50,,50,0,0,,106.94388715039,106.94388715039,,,,,,,,,29.4881217205849,29.4881217205849,62.6,74,252,62.6,280,70.5402925705523,2962.02114514794,1481.01057257397,,UPLANDS
174106235,ed6249ad-7efe-4960-852e-fc1fccc51f03,N,0e099bf6-48fc-44d6-88e6-5e3de7a2a785,b8a6f1a0-8163-44d1-aea0-bdcefd4acf2b,2023-05-02T01:00:00Z,2,1,1,1,N,DF,15.1,,15.1,30,,30,10,0,111,,111,75,,75,,,80,1,,43.785353667476,43.785353667476,49.4,55.3,207,49.4,230,51.7559880254215,2190.64436608111,1095.32218304055,,UPLANDS
174106235,ed6249ad-7efe-4960-852e-fc1fccc51f03,N,0e099bf6-48fc-44d6-88e6-5e3de7a2a785,18022eaf-1dff-49dd-8c1e-51d0e238fc44,2023-05-02T01:00:00Z,2,2,1,1,N,WH,15.6,,15.6,40,,40,0,0,112,,112,67,,67,,,,,,41.0235802503337,41.0235802503337,56.9,63.9,225,56.9,250,62.32969756091,2498.63986132938,1249.31993066469,,UPLANDS
174106235,ed6249ad-7efe-4960-852e-fc1fccc51f03,N,0e099bf6-48fc-44d6-88e6-5e3de7a2a785,b2054cc6-9c4b-4b7c-a7de-7e3563be9e33,2023-05-02T01:00:00Z,2,3,1,1,N,WH,19.6,,19.6,40,,40,0,10,,108.074700463007,108.074700463007,,,,,,80,1,,25.9878657062714,25.9878657062714,77,90.8,288,77,320,90.3752715880723,3591.2590326456,1795.6295163228,,UPLANDS
174106235,ed6249ad-7efe-4960-852e-fc1fccc51f03,N,0e099bf6-48fc-44d6-88e6-5e3de7a2a785,626f41fa-fa22-4b23-a5f5-badf2310d0ce,2023-05-02T01:00:00Z,2,4,1,1,N,WH,27.6,,27.6,50,,50,99,0,,128.742569991751,128.742569991751,,,,,,98,,,13.1058318758155,13.1058318758155,170.1,195.8,819,170.1,910,196.14929050719,7717.45995011224,3858.72997505612,,UPLANDS
174106235,ed6249ad-7efe-4960-852e-fc1fccc51f03,N,0e099bf6-48fc-44d6-88e6-5e3de7a2a785,1a661fa0-eaf3-485f-a92d-2e06c2a5af0a,2023-05-02T01:00:00Z,2,5,1,1,N,DF,12.7,,12.7,30,,30,0,0,,80.3419784981125,80.3419784981125,,,,,,,,,61.8978144319003,61.8978144319003,23.9,27.5,81,23.9,90,26.9278527568835,1149.36658294761,574.683291473805,,UPLANDS
174106235,ed6249ad-7efe-4960-852e-fc1fccc51f03,N,0e099bf6-48fc-44d6-88e6-5e3de7a2a785,2555e246-4486-4ebe-921b-0bda4cdfb746,2023-05-02T01:00:00Z,2,6,1,1,N,DF,16.2,,16.2,30,,30,20,0,,97.6177155890744,97.6177155890744,,,,,,80,2,,38.0410703007209,38.0410703007209,46.5,53.2,171,46.5,190,51.3046346037433,2164.99967777158,1082.49983888579,,UPLANDS
174106235,ed6249ad-7efe-4960-852e-fc1fccc51f03,N,0e099bf6-48fc-44d6-88e6-5e3de7a2a785,29e64db0-b346-4de6-9175-c1cef59a66e2,2023-05-02T01:00:00Z,2,7,1,1,N,DF,24.9,,24.9,40,,40,0,0,,129.410106931763,129.410106931763,,,,,,,,,16.1021572066922,16.1021572066922,138.7,156.3,639,138.7,710,144.206875642154,5997.94976136526,2998.97488068263,,UPLANDS
174106235,ed6249ad-7efe-4960-852e-fc1fccc51f03,N,0e099bf6-48fc-44d6-88e6-5e3de7a2a785,82a5c48e-4ba6-4ba5-8285-c8cacb8255fa,2023-05-02T01:00:00Z,1,8,1,1,N,WH,2.5,,2.5,,,,,,,12.0844965991926,12.0844965991926,,,,,,,,,328.179376145939,328.179376145939,0,0.3,0,0,0,,11.4658655644726,5.73293278223629,,UPLANDS
239171379,e619cadb-aacf-49ec-8be3-04ff815765a2,N,a6546b47-aae1-4714-ad45-ab344cdb915c,ee767281-3a3e-4176-8973-51a1dfd5818f,2023-03-06T00:00:00Z,2,1,1,1,N,DF,11.1,,11.1,70,,70,20,0,59,,59,15,,15,,,70,6,,41.340065553386,41.340065553386,12,15.1,27,12,30,14.9405101351918,642.581085329713,321.290542664856,,UPLANDS
239171379,e619cadb-aacf-49ec-8be3-04ff815765a2,N,a6546b47-aae1-4714-ad45-ab344cdb915c,1dc6403a-2895-4ce3-8a72-1ca7bd5369a9,2023-03-06T00:00:00Z,2,2,1,1,N,DF,12.9,,12.9,70,,70,40,0,70,,70,22,,22,,,70,7,,30.6081934789538,30.6081934789538,20.3,23.9,63,20.3,70,23.8733672102918,1018.15744054067,509.078720270336,,UPLANDS
239191382,0db7e214-56d9-4645-89bf-a7fc7fadae19,Y,25b49263-9671-4269-9883-f33208f0eeda,b63a4d81-7bd5-40c0-b50f-a31f4d8fbf10,2023-05-02T01:00:00Z,2,1,1,1,N,DF,11.8,,11.8,40,,40,10,5,76,,76,46,,46,,,80,1,,71.6999306940174,71.6999306940174,19.4,22.6,72,19.4,80,22.1298328104169,948.38389427724,474.19194713862,,RIPARIAN
261236603,48004731-b919-488d-ba87-96a917e3518a,N,5a2ade54-c5b4-4fe1-930d-8a3ea29bb466,fbf90550-3ddf-4a03-a88d-0a79a012bb50,2023-02-02T00:00:00Z,2,1,1,1,N,SF,12.4,,12.4,50,,50,10,10,77,,77,32,,32,,,,,,23.8490723855597,23.8490723855597,24.1,27.7,81,24.1,90,27.7125915211753,1039.12989311891,519.564946559456,,UPLANDS
261236603,48004731-b919-488d-ba87-96a917e3518a,N,5a2ade54-c5b4-4fe1-930d-8a3ea29bb466,497c7db1-ebf4-479a-9a80-ea7cad98cb6c,2023-02-02T00:00:00Z,2,2,1,1,N,RC,16.6,,16.6,60,,60,50,25,61,,61,16,,16,,,70,3,,13.3075677529528,13.3075677529528,23.8,32.8,54,23.8,60,32.5480582108108,910.766964414079,455.383482207039,,UPLANDS
261236603,48004731-b919-488d-ba87-96a917e3518a,N,5a2ade54-c5b4-4fe1-930d-8a3ea29bb466,33bc6d25-2804-460e-bd9b-c2a4a9b2669d,2023-02-02T00:00:00Z,1,3,1,1,N,WH,1,,1,,,,,,,4.90318259153811,4.90318259153811,,,,,,,,,121.107333759856,121.107333759856,0,0,0,0,0,,1.18020787431332,0.59010393715666,,UPLANDS
271222891,9a2381d4-a78a-4067-b846-ad3cf476547f,N,1911289c-2fee-41ee-810b-443874999d09,2e33e435-a4b1-4ace-afac-fa8de9030d93,2023-01-10T00:00:00Z,2,1,1,1,N,SS,16,,16,30,,30,5,10,99,,99,67,,67,,,,,,28.6486982031536,28.6486982031536,50.7,58.1,198,50.7,220,52.3126744387769,1673.97451327373,836.987256636864,,UPLANDS
271222891,9a2381d4-a78a-4067-b846-ad3cf476547f,N,1911289c-2fee-41ee-810b-443874999d09,0441ae71-3533-4ab2-9251-cb5220b275bd,2023-01-10T00:00:00Z,2,2,1,1,N,DF,22.4,,22.4,20,,20,0,0,128,,128,87,,87,,,,,,14.616682756711,14.616682756711,114.9,129,495,114.9,550,119.123412126679,4969.58529148081,2484.7926457404,,UPLANDS
271222891,9a2381d4-a78a-4067-b846-ad3cf476547f,N,1911289c-2fee-41ee-810b-443874999d09,c2a91a6e-7ae7-4122-af64-a28655b263fc,2023-01-10T00:00:00Z,2,3,1,1,N,DF,20.4,,20.4,20,,20,0,15,,114.582889903396,114.582889903396,,,,,,,,,17.6231899750272,17.6231899750272,84.9,96.1,378,84.9,420,90.5768925314673,3789.7957229956,1894.8978614978,,UPLANDS
271222891,9a2381d4-a78a-4067-b846-ad3cf476547f,N,1911289c-2fee-41ee-810b-443874999d09,3137634a-a18d-4d2f-902f-c8a83f9c0d59,2023-01-10T00:00:00Z,2,4,1,1,N,WH,16.2,,16.2,30,,30,5,0,,96.3021003355476,96.3021003355476,,,,,,,,,27.9456894528553,27.9456894528553,50.6,57.5,189,50.6,210,56.6774055060078,2268.43809973252,1134.21904986626,,UPLANDS
271222891,9a2381d4-a78a-4067-b846-ad3cf476547f,N,1911289c-2fee-41ee-810b-443874999d09,f5fb5fe0-9d1e-4a81-ab44-8781358ba263,2023-01-10T00:00:00Z,2,5,1,1,N,DF,16.4,,16.4,20,,20,0,0,,98.5097912679451,98.5097912679451,,,,,,,,,27.2682433819428,27.2682433819428,47.9,55,180,47.9,200,52.9300172628175,2232.46139370688,1116.23069685344,,UPLANDS
304281181,34cb4164-3ac2-4164-b5fe-f23c951a6cf3,N,8f98d2e6-9615-49c8-a6a0-0ca5b6584843,72b1d616-ab80-4e63-9312-9825982e1a34,2023-02-02T00:00:00Z,2,1,1,1,N,DF,10.5,,10.5,40,,40,0,0,79,,79,47,,47,,,,,,41.8258001159148,41.8258001159148,16.5,19.4,72,16.5,80,18.4625318426445,796.80667211993,398.403336059965,,UPLANDS
304281181,34cb4164-3ac2-4164-b5fe-f23c951a6cf3,N,8f98d2e6-9615-49c8-a6a0-0ca5b6584843,3ee59cd0-c86e-4861-b968-8b524b1d6d88,2023-02-02T00:00:00Z,2,2,1,1,N,DF,7.5,,7.5,30,,30,10,0,70,,70,46,,46,,,80,1,,81.9785682271931,81.9785682271931,0,9.1,0,0,0,7.95803330937872,352.337042412114,176.168521206057,,UPLANDS
304281181,34cb4164-3ac2-4164-b5fe-f23c951a6cf3,N,8f98d2e6-9615-49c8-a6a0-0ca5b6584843,90a3990c-6bfa-4992-af84-0a9bbcd73070,2023-02-02T00:00:00Z,2,3,1,1,N,DF,8.4,,8.4,30,,30,0,0,,53.8638861066515,53.8638861066515,,,,,,,,,65.3528126811169,65.3528126811169,6,8.3,27,6,30,7.69832159663811,337.590481059284,168.795240529642,,UPLANDS
304281181,34cb4164-3ac2-4164-b5fe-f23c951a6cf3,N,8f98d2e6-9615-49c8-a6a0-0ca5b6584843,f3bcf2c9-c946-44cf-9673-07d608935616,2023-02-02T00:00:00Z,2,4,1,1,N,DF,11.9,,11.9,40,,40,0,0,,75.896816864774,75.896816864774,,,,,,,,,32.5633391905911,32.5633391905911,19.7,22.9,72,19.7,80,22.4493341311592,961.616900543245,480.808450271623,,UPLANDS
304281181,34cb4164-3ac2-4164-b5fe-f23c951a6cf3,N,8f98d2e6-9615-49c8-a6a0-0ca5b6584843,0ad7cb4e-3092-422b-9d99-bbccc0929f87,2023-02-02T00:00:00Z,2,5,1,1,N,DF,9.9,,9.9,40,,40,5,5,,63.8471849314672,63.8471849314672,,,,,,80,1,,47.0492241891604,47.0492241891604,10.3,13.5,27,10.3,30,13.0536531358164,565.554634030747,282.777317015373,,UPLANDS
304281181,34cb4164-3ac2-4164-b5fe-f23c951a6cf3,N,8f98d2e6-9615-49c8-a6a0-0ca5b6584843,8c434115-1876-4371-b4fc-3839f3620f9d,2023-02-02T00:00:00Z,2,6,1,1,N,DF,11.9,,11.9,40,,40,0,5,,75.896816864774,75.896816864774,,,,,,80,1,,32.5633391905911,32.5633391905911,19.7,22.9,72,19.7,80,22.4493341311592,961.616900543245,480.808450271623,,UPLANDS
304281181,34cb4164-3ac2-4164-b5fe-f23c951a6cf3,N,8f98d2e6-9615-49c8-a6a0-0ca5b6584843,43ae81c0-66fd-4226-a81d-a2b2429b2a9e,2023-02-02T00:00:00Z,1,7,1,1,N,GF,1,,1,,,,,,,5.83221327430105,5.83221327430105,,,,,,,,,153.635220411811,153.635220411811,0,0,0,0,0,,1.05930621324041,0.529653106620205,,UPLANDS
375312466,d4e8cdf7-c0d1-4b94-a60d-2f4b722c9da5,N,9dd1bb4a-9dcd-444b-a405-a3da0bec2aee,a42936f6-41bc-47f5-b999-7151f1f9c2f2,2023-04-04T01:00:00Z,2,1,1,1,N,RA,7.7,,7.7,40,,40,10,0,70,,70,46,,46,,,,,,103.937420984991,103.937420984991,7.2,10.1,27,7.2,30,8.77513889522856,351.868592638023,175.934296319011,,UPLANDS
375312466,d4e8cdf7-c0d1-4b94-a60d-2f4b722c9da5,N,9dd1bb4a-9dcd-444b-a405-a3da0bec2aee,066ebc07-e29c-41ad-92ef-f23c5cdd5d10,2023-04-04T01:00:00Z,2,2,1,1,N,RA,6.1,,6.1,30,,30,10,0,,47.1525642414231,47.1525642414231,,,,,,,,,165.612730185438,165.612730185438,1.7,4.2,9,1.7,10,3.08480498515983,131.805932382929,65.9029661914644,,UPLANDS
375312466,d4e8cdf7-c0d1-4b94-a60d-2f4b722c9da5,N,9dd1bb4a-9dcd-444b-a405-a3da0bec2aee,47a833c4-cbb8-427d-91fc-e9b53c88cd4a,2023-04-04T01:00:00Z,2,3,1,1,N,RA,6.2,,6.2,30,,30,20,0,,47.9850690711039,47.9850690711039,,,,,,,,,160.313467486996,160.313467486996,2,4.4,9,2,10,3.30164817843596,140.379309377338,70.1896546886691,,UPLANDS
375312466,d4e8cdf7-c0d1-4b94-a60d-2f4b722c9da5,N,9dd1bb4a-9dcd-444b-a405-a3da0bec2aee,afdef96c-690f-4bc5-b9e0-3692bc604a7a,2023-04-04T01:00:00Z,2,4,1,1,N,RA,6.5,,6.5,30,,30,10,0,65,,65,48,,48,,,,,,145.856797401187,145.856797401187,3.7,6.7,9,3.7,10,5.2431499198293,219.861172439671,109.930586219836,,UPLANDS
375312466,d4e8cdf7-c0d1-4b94-a60d-2f4b722c9da5,N,9dd1bb4a-9dcd-444b-a405-a3da0bec2aee,5931091c-b060-4761-92c9-8ea4a8c346d6,2023-04-04T01:00:00Z,2,5,0,1,N,RA,7.2,,7.2,,,,,,60,,60,,,,,,,,1,118.874415320219,118.874415320219,5.2,7.5,27,5.2,30,6.30829423188779,257.250715320734,128.625357660367,,UPLANDS
375312466,d4e8cdf7-c0d1-4b94-a60d-2f4b722c9da5,N,9dd1bb4a-9dcd-444b-a405-a3da0bec2aee,b40d66c7-5dab-4a38-9faa-6385a4675b5c,2023-04-04T01:00:00Z,2,6,1,1,N,RA,8.5,,8.5,40,,40,10,0,,63.8039718945347,63.8039718945347,,,,,,,,,85.293421317649,85.293421317649,8.5,11.2,27,8.5,30,9.98533497271744,391.338729759824,195.669364879912,,UPLANDS
375312466,d4e8cdf7-c0d1-4b94-a60d-2f4b722c9da5,N,9dd1bb4a-9dcd-444b-a405-a3da0bec2aee,a926bf86-3944-4558-8db5-dcf537ec1060,2023-04-04T01:00:00Z,2,7,1,1,N,RA,7.3,,7.3,30,,30,5,0,,56.2978696297597,56.2978696297597,,,,,,,,,115.639889101147,115.639889101147,5,7.3,27,5,30,6.09815103319011,247.799226411266,123.899613205633,,UPLANDS
1711362691,f5d84c2c-5120-447e-a377-d70c564ccd1e,N,b78c5da3-b9f4-424e-9017-a88e0a863a4f,2aa3674b-a24a-4438-ac80-b8e416653454,2023-03-06T00:00:00Z,2,1,1,1,N,SS,50,,50,70,,70,30,50,102,,102,30,,30,,,80,1,,4.58379171250458,4.58379171250458,391.7,471.4,1728,391.7,1920,402.27258027186,12510.5725525122,6255.28627625611,,UPLANDS
1711362691,f5d84c2c-5120-447e-a377-d70c564ccd1e,N,b78c5da3-b9f4-424e-9017-a88e0a863a4f,dade9cc0-ea0e-40d2-87da-06799a2ff6a6,2023-03-06T00:00:00Z,2,2,1,1,N,WH,26.5,,26.5,60,,60,15,0,105,,105,30,,30,,,80,1,,16.3182332235834,16.3182332235834,124.2,145.1,495,124.2,550,146.938508420295,5787.10781244922,2893.55390622461,,UPLANDS
1711362691,f5d84c2c-5120-447e-a377-d70c564ccd1e,N,b78c5da3-b9f4-424e-9017-a88e0a863a4f,a4618d4b-badf-458c-b59e-f106e812ea72,2023-03-06T00:00:00Z,2,3,1,1,N,SS,40,,40,70,,70,15,15,,142.676494838219,142.676494838219,,,,,,80,1,,7.16217455078841,7.16217455078841,348.2,408.7,1818,348.2,2020,401.934440065228,12542.0755110708,6271.0377555354,,UPLANDS
1711362691,f5d84c2c-5120-447e-a377-d70c564ccd1e,N,b78c5da3-b9f4-424e-9017-a88e0a863a4f,f8b2944c-8010-422e-be48-265a3472816c,2023-03-06T00:00:00Z,2,4,1,1,N,WH,30,,30,80,,80,20,10,,133.607612426722,133.607612426722,,,,,,80,1,,12.7327547569572,12.7327547569572,202.9,234.4,972,202.9,1080,234.037769343974,9190.28201146668,4595.14100573334,,UPLANDS
1711362691,f5d84c2c-5120-447e-a377-d70c564ccd1e,N,b78c5da3-b9f4-424e-9017-a88e0a863a4f,6f17426d-cfe3-4e7a-b3ab-58068db59a1b,2023-03-06T00:00:00Z,1,5,1,1,N,WH,,,,,,,,,3,,3,,,,,,,,,385.154962282387,385.154962282387,0,0,0,0,0,,,,,UPLANDS
