PAU_N,UNIT_ID,RIPARIAN,PLOT_ID,BA,BA_4,BA_4_HWD,BA_6,BA_HWD,BA_T100,BAP_4_CONIFER,BFVOL_GROSS,CANOPY_LAYERS,CF_VOL_DDWM,CFVOL_TOTAL,HT_T40,HT_T100,HT_LOREY,HTMAX,QMD,QMD_6,QMD_T100,RD,RD_6,RD_SUM,RD_SUM_HWD,SNAG_ACRE_15,SNAG_ACRE_20,SNAG_ACRE_21,SNAG_ACRE_30,SPECIES1,SPECIES2,TREE_ACRES,TREE_ACRE_11,TREE_ACRE_20,TREE_ACRE_21,TREE_ACRE_30,TREE_ACRE_31,TREE_ACRE_4,TREE_ACRE_4_CONIFER,TREE_ACRE_6_CONIFER,TREE_ACRE_8_CONIFER,TREE_ACRE_T100,RD_SUM_4,BIOMASS_ALL,CARBON_ALL,BIOMASS_LIVE,CARBON_LIVE,SDI_SUM,SDI_SUM_4,LAND_CL
35341947,bf8613a6-9f3a-49ca-b549-3ccc531a38c9,Y,7e2f4e88-d6ed-4647-bb8e-428f104579e5,108.9,108.9,0,108.9,0,108.9,100,13196.4532778985,TBD,0,3583.38474824229,86.634232813177,80.1966976718587,94,121,18.3169028898635,18.3169028898635,18.3169028898635,25.4449650267879,25.4449650267879,24.7437160246592,0,0,0,0,0,DF,XX,59.5125638288921,59.5125638288921,14.5438761579089,14.5438761579089,0,0,59.5125638288921,59.5125638288921,59.5125638288921,59.5125638288921,59.5125638288921,24.7437160246592,144818.302121672,72409.1510608361,144818.302121672,72409.1510608361,153.029876533127,153.029876533127,RIPARIAN
34211668,29f33ac9-3dd6-4972-88a8-8de6b1692423,N,c566b3d4-b88b-4ece-91c9-aee706cbb59a,240,240,40,240,40,189.482987277996,94.5691204210012,20342.3397513848,TBD,0,6706.19728637778,79.3447981192097,72.8702667836321,76,125,12.3260115623071,12.3260115623071,18.6392118582894,68.3596698085811,68.3596698085811,60.3609808787447,10.8866210790363,0,0,0,0,DF,WH,289.634949943741,110.58058617403,13.6460592469533,13.6460592469533,3.94811975603455,3.94811975603455,289.634949943741,249.393157131629,289.634949943741,110.58058617403,100,60.3609808787447,254461.582832638,127230.791416319,254461.582832638,127230.791416319,363.797767325498,363.797767325498,UPLANDS
62933659,e9b904ba-d2c0-4dd1-a044-765f316361d0,Y,1c575270-8a88-46d1-afcd-2ff8a32aa958,217.8,217.8,54.45,217.8,54.45,171.515258947211,91.4621546215462,37158.712168781,TBD,0,9233.01355320747,109.909271810571,111.029308349506,109.159897062625,124,16.8672616116136,16.8672616116136,17.7334736871297,53.0317043659984,53.0317043659984,51.4014209369237,13.8751447868893,13.2978559723946,13.2978559723946,13.2978559723946,0,WH,DF,140.363303201559,140.363303201559,8.68727069015671,8.68727069015671,8.68727069015671,8.68727069015671,140.363303201559,98.2672568622312,140.363303201559,140.363303201559,100,51.4014209369237,439901.221498696,219950.610749348,354578.759107471,177289.379553735,315.308748008386,315.308748008386,RIPARIAN
95137440,2ed34196-6f20-4a21-a045-57cba2eec942,N,6c7f8d3c-efd2-4707-90f8-510a2cdf86cd,381.150005340576,381.150005340576,0,381.150005340576,0,311.846526115506,100,74511.6141943995,TBD,0,17609.8557325178,137.002880259833,124.187771366866,121.522680008229,150,4.50411605700475,20.7068115412105,23.9118340742119,179.593719058657,83.7605103371071,81.1696711950121,0,0,0,0,0,WH,DF,3444.78127515776,162.98751369837,80.3057496998209,80.3057496998209,19.6299044757901,8.38773240052191,162.98751369837,162.98751369837,162.98751369837,162.98751369837,100,81.1696711950121,688919.003530271,344459.501765135,688919.003530271,344459.501765135,508.517294192958,508.517294192958,UPLANDS
128165279,8d3d6f47-8e0a-466b-a524-9a35ad1689e3,N,eaa0d9e7-04fe-4e69-b450-83dd41be314c,435.600006103516,435.600006103516,0,435.600006103516,0,235.157372191658,100,70406.1447195836,TBD,0,17910.1913585152,122.51408808382,116.197790980866,110.424089149631,131,18.8899200451294,18.8899200451294,20.7645121665449,100.22425053205,100.22425053205,99.7334605413718,0,0,0,0,0,DF,XX,223.82701564542,223.82701564542,90.5998860096461,40.4082265465787,0,0,223.82701564542,223.82701564542,223.82701564542,223.82701564542,100,99.7334605413718,711149.21826824,355574.60913412,711149.21826824,355574.60913412,616.677281996238,616.677281996238,UPLANDS
14513614,9a5dc8b4-d9f7-4fbf-80cc-b9c4ef42f5ea,N,419c4fda-e160-42b4-8cef-b0b3095d2a86,326.700004577637,326.700004577637,0,326.700004577637,0,194.895999014778,100,48218.1385460889,TBD,0,12569.7413032611,113.855637332351,105.692000344361,101.092251976652,117,16.9085218858887,16.9085218858887,18.9035728377917,79.4504421735834,79.4504421735834,78.698219913045,0,0,0,0,0,DF,WH,209.518665382904,209.518665382904,43.2640824697954,19.0375822156732,0,0,209.518665382904,209.518665382904,209.518665382904,209.518665382904,100,78.698219913045,511124.560743536,255562.280371768,503935.512841787,251967.756420894,481.562363578052,481.562363578052,UPLANDS
1711362691,f5d84c2c-5120-447e-a377-d70c564ccd1e,N,b78c5da3-b9f4-424e-9017-a88e0a863a4f,250,250,0,250,0,250,100,45994.876091086,TBD,0,10440.3135079546,120.508699264181,120.205742243883,120.821026816235,142.676494838219,10.3736633311315,33.5195798873562,33.5195798873562,77.6200528429305,43.1808040883746,42.2729123470148,0,0,0,0,0,SS,WH,425.95191652622,40.7969542438336,40.7969542438336,40.7969542438336,24.4787210202502,11.745966263293,40.7969542438336,40.7969542438336,40.7969542438336,40.7969542438336,40.7969542438336,42.2729123470148,358627.374797199,179313.687398599,358627.374797199,179313.687398599,277.459765523622,277.459765523622,UPLANDS
17418648,b0ffefce-8ca1-44c6-835a-e8562a5e762f,N,a868e7cd-657c-4721-b95c-a36aa903eca4,240,240,0,240,0,196.280891127044,100,45590.6639841583,TBD,0,10612.6720567764,125.272694072229,121.684909415801,117.905039428451,164,16.7253519607215,16.7253519607215,18.9706164588414,58.6845270535522,58.6845270535522,57.2294589726093,0,0,0,0,0,DF,XX,157.306104659657,157.306104659657,27.0123406309295,27.0123406309295,0,0,157.306104659657,157.306104659657,157.306104659657,157.306104659657,100,57.2294589726093,436702.84940667,218351.424703335,419817.454287581,209908.727143791,350.622497117981,350.622497117981,UPLANDS
174106235,ed6249ad-7efe-4960-852e-fc1fccc51f03,N,0e099bf6-48fc-44d6-88e6-5e3de7a2a785,392.336819824951,381.150005340576,0,381.150005340576,0,226.776533910094,100,64800.0887118613,TBD,0,16309.7527443472,123.435092770597,110.506379366963,106.81771766247,129.410106931763,11.252545096981,17.0661573917591,20.3911392200397,116.959010774336,92.2631030340165,97.255855037007,0,0,0,0,0,DF,WH,568.123049585149,239.94367343921,55.195854788779,29.2079890825076,0,0,239.94367343921,239.94367343921,239.94367343921,239.94367343921,100,90.1806923305298,646739.156259724,323369.578129862,646739.156259724,323369.578129862,589.088874456838,553.376781861085,UPLANDS
239191382,0db7e214-56d9-4645-89bf-a7fc7fadae19,Y,25b49263-9671-4269-9883-f33208f0eeda,54.45,54.45,0,54.45,0,54.45,100,5735.99445552139,TBD,0,1620.41843368479,76,76,76,76,11.8,11.8,11.8,15.8510078276601,15.8510078276601,15.8510078276601,0,0,0,0,0,DF,XX,71.6999306940174,71.6999306940174,0,0,0,0,71.6999306940174,71.6999306940174,71.6999306940174,71.6999306940174,71.6999306940174,15.8510078276601,67999.0594910004,33999.5297455002,67999.0594910004,33999.5297455002,93.4393798855048,93.4393798855048,RIPARIAN
239171379,e619cadb-aacf-49ec-8be3-04ff815765a2,N,a6546b47-aae1-4714-ad45-ab344cdb915c,55.560001373291,55.560001373291,0,55.560001373291,0,55.560001373291,100,3382.77551012834,TBD,0,1355.77081400312,67.4172532067123,63.6796146674953,64.5,70,11.899080765244,11.899080765244,11.899080765244,16.106661873116,16.106661873116,16.0727621094843,0,0,0,0,0,DF,XX,71.9482590323398,71.9482590323398,0,0,0,0,71.9482590323398,71.9482590323398,71.9482590323398,71.9482590323398,71.9482590323398,16.0727621094843,57728.3041230015,28864.1520615007,57728.3041230015,28864.1520615007,94.855106375012,94.855106375012,UPLANDS
261236603,48004731-b919-488d-ba87-96a917e3518a,N,5a2ade54-c5b4-4fe1-930d-8a3ea29bb466,40.6605193983262,40,0,40,0,40.3427476846845,100,2944.87057987754,TBD,0,1097.10752737686,66.5520429798136,29.5627267468483,67.958764130519,77,6.86337709517452,14.0492846156352,8.60052911155402,15.5204386523444,10.6716822589209,11.2489446775351,0,0,0,0,0,SF,RC,158.263973898369,37.1566401385125,0,0,0,0,37.1566401385125,37.1566401385125,37.1566401385125,37.1566401385125,100,10.5884252792088,37045.3089540238,18522.6544770119,37045.3089540238,18522.6544770119,66.6304334325754,63.5883547482985,UPLANDS
271222891,9a2381d4-a78a-4067-b846-ad3cf476547f,N,1911289c-2fee-41ee-810b-443874999d09,200,200,0,200,0,177.517297776668,100,33065.8723718845,TBD,0,8350.2605273651,116.367498673084,105.097422318607,107.278956301378,128,17.7720136565231,17.7720136565231,18.0410899712285,47.4418566058194,47.4418566058194,47.1230672691811,0,0,0,0,0,DF,WH,116.10250376969,116.10250376969,32.2398727317383,14.616682756711,0,0,116.10250376969,116.10250376969,116.10250376969,116.10250376969,100,47.1230672691811,311652.69956398,155826.34978199,311652.69956398,155826.34978199,289.676481589378,289.676481589378,UPLANDS
304281181,34cb4164-3ac2-4164-b5fe-f23c951a6cf3,N,8f98d2e6-9615-49c8-a6a0-0ca5b6584843,151.737926492126,150.9,0,150.9,0,71.2694503460207,100,11928.2593858761,TBD,0,4226.41929985221,75.896816864774,76.9789998999423,69.3978132847592,79,7.81985922323243,9.58216500569356,11.4312609252146,54.2618601507942,48.7480690011644,49.0348772046206,0,0,0,0,0,DF,GF,454.968304006378,106.952478497097,0,0,0,0,301.333083594568,301.333083594568,301.333083594568,301.333083594568,100,48.1969507124946,173672.218459935,86836.1092299676,173672.218459935,86836.1092299676,282.586801398569,278.727659143025,UPLANDS
375312466,d4e8cdf7-c0d1-4b94-a60d-2f4b722c9da5,N,9dd1bb4a-9dcd-444b-a405-a3da0bec2aee,201.660003662109,201.660003662109,201.660003662109,201.660003662109,201.660003662109,38.3656325454693,0,13863.9518928498,TBD,0,5227.41872745403,63.8039718945347,64.7151956430455,58.3732458061369,70,6.89983338050904,6.89983338050904,8.38713463602244,76.7715782926841,76.7715782926841,76.3692772808335,76.3692772808335,0,0,0,0,RA,XX,776.653726477409,0,0,0,0,0,776.653726477409,0,776.653726477409,189.23084230264,100,76.3692772808335,205588.617286948,102794.308643474,175008.088912487,87504.0444562436,426.990745459022,426.990745459022,UPLANDS
