source,PLOT_ID,n_trees,n_species,top_species,BA,HTMAX,HT_T100,QMD
RSFRIS,065e0179-36c4-4293-9b9f-92fd14101a0d,7,2,GF,43,85,25.6,8.5
RSFRIS,0f7511de-b69e-41d5-942d-76f5b5f9145f,10,3,DF,100.3,108,75.2,7.3
RSFRIS,25cff2ce-99f5-4a89-866d-67da3f662d0d,14,4,DF,65.6,79.3,59.1,9.3
RSFRIS,2908eeaa-5110-41c8-91a9-0e39637d7965,6,2,DF,99.7,79,73.8,17.4
RSFRIS,4f3603c0-ecfa-4b85-85c0-da5b0ac8e9a9,10,3,RA,157.1,128,92.3,17.9
RSFRIS,66e35585-d7e4-41b1-a6a0-1f616c1733f2,9,2,DF,116.5,113,71.7,17.4
RSFRIS,69c11255-dbd2-45d5-bf4d-546ad9b3fb32,36,4,LP,93.2,66,46,2.6
RSFRIS,9d85178f-fc7d-4aa3-80a5-312d1da8310b,17,3,GF,54.8,72,48,4.9
RSFRIS,bf620c5c-e8c3-41c3-911d-ff9894a4bf6c,23,3,DF,68,54.3,46.7,4
RSFRIS,c093ea2e-9f24-477b-980d-fd34a32a9061,23,3,WH,528.8,208,75.8,4.4
RSFRIS,d7eae4c0-5e68-4e85-99e7-f283f60b346a,28,3,DF,72.7,46,41.8,4.2
RSFRIS,e202f6d2-9a72-48bc-b3fe-dc6a2e024a52,33,4,GF,190.9,112,83.1,6.5
RSFRIS,e63f3dcd-6077-44de-8042-e1688002f256,19,5,AF,42.9,43,32.4,2.6
RSFRIS,eabee4ae-71d5-4d44-ae81-95c029fe51fe,24,4,LP,58.8,92,71.6,1.7
RSFRIS,f654600a-8687-4aea-ab84-2b46a9eda754,21,4,DF,34.2,32,27.8,1.1
SFIS,0e099bf6-48fc-44d6-88e6-5e3de7a2a785,8,2,DF,392.336819824951,129.410106931763,110.506379366963,11.252545096981
SFIS,1911289c-2fee-41ee-810b-443874999d09,5,3,DF,200,128,105.097422318607,17.7720136565231
SFIS,1c575270-8a88-46d1-afcd-2ff8a32aa958,6,3,WH,217.8,124,111.029308349506,16.8672616116136
SFIS,25b49263-9671-4269-9883-f33208f0eeda,1,1,DF,54.45,76,76,11.8
SFIS,419c4fda-e160-42b4-8cef-b0b3095d2a86,7,2,DF,326.700004577637,117,105.692000344361,16.9085218858887
SFIS,5a2ade54-c5b4-4fe1-930d-8a3ea29bb466,3,3,RC,40.6605193983262,77,29.5627267468483,6.86337709517452
SFIS,6c7f8d3c-efd2-4707-90f8-510a2cdf86cd,8,2,WH,381.150005340576,150,124.187771366866,4.50411605700475
SFIS,7e2f4e88-d6ed-4647-bb8e-428f104579e5,2,1,DF,108.9,121,80.1966976718587,18.3169028898635
SFIS,8f98d2e6-9615-49c8-a6a0-0ca5b6584843,7,2,DF,151.737926492126,79,76.9789998999423,7.81985922323243
SFIS,9dd1bb4a-9dcd-444b-a405-a3da0bec2aee,7,1,RA,201.660003662109,70,64.7151956430455,6.89983338050904
SFIS,a6546b47-aae1-4714-ad45-ab344cdb915c,2,1,DF,55.560001373291,70,63.6796146674953,11.899080765244
SFIS,a868e7cd-657c-4721-b95c-a36aa903eca4,7,1,DF,240,164,121.684909415801,16.7253519607215
SFIS,b78c5da3-b9f4-424e-9017-a88e0a863a4f,5,2,WH,250,142.676494838219,120.205742243883,10.3736633311315
SFIS,c566b3d4-b88b-4ece-91c9-aee706cbb59a,6,4,DF,240,125,72.8702667836321,12.3260115623071
SFIS,eaa0d9e7-04fe-4e69-b450-83dd41be314c,8,1,DF,435.600006103516,131,116.197790980866,18.8899200451294
